fpath,institution,abnormal,specimen_type,scanner,sample_method,split,label
/media/ssd2/dh_labelled_data/DeepHeme2/BMA/cartridge_1/ER5/ER5_AML_H18-9860_S10_MSKP_2023-05-12_11.38.30slide_res_patch_85504_10752_x130_y148.png,MSKCC,1,BMA,Hamamatsu,random,,ER5
/media/ssd2/dh_labelled_data/DeepHeme2/BMA/cartridge_1/ER1/ER1_AML_H17-7536_S1_MSK3_2023-04-27_18.41.08slide_res_patch_29184_48640_x349_y129.png,MSKCC,1,BMA,Hamamatsu,random,,ER1
/media/ssd2/dh_labelled_data/DeepHeme2/BMA/cartridge_1/ER1/ER1_AML_H18-9632_S10_MSKC_2023-03-23_21.41.22slide_res_patch_93184_61440_x401_y349.png,MSKCC,1,BMA,Hamamatsu,random,,ER1
/media/ssd2/dh_labelled_data/DeepHeme2/BMA/cartridge_1/ER1/ER1_AML_H19-8400_S10_MSKP_2023-04-25_13.25.36slide_res_patch_54272_29696_x429_y253.png,MSKCC,1,BMA,Hamamatsu,random,,ER1
/media/ssd2/dh_labelled_data/DeepHeme2/BMA/cartridge_1/ER1/M1_AML_H19-2098_S10_MSKM_2023-04-17_09.19.03slide_res_patch_59904_48640_x189_y362.png,MSKCC,1,BMA,Hamamatsu,random,,ER1
/media/ssd2/dh_labelled_data/DeepHeme2/BMA/cartridge_1/ER1/ER1_AML_H18-6587_S10_MSKI_2023-05-12_07.56.47slide_res_patch_49664_41984_x127_y300.png,MSKCC,1,BMA,Hamamatsu,random,,ER1
/media/ssd2/dh_labelled_data/DeepHeme2/BMA/cartridge_1/ER1/ER1_AML_H18-7408_S10_MSKL_2023-04-25_18.02.37slide_res_patch_49664_35840_x267_y282.png,MSKCC,1,BMA,Hamamatsu,random,,ER1
/media/ssd2/dh_labelled_data/DeepHeme2/BMA/cartridge_1/M1/M1_AML_H18-9632_S10_MSKC_2023-04-25_10.14.04slide_res_patch_64000_53248_x347_y241.png,MSKCC,1,BMA,Hamamatsu,random,,M1
/media/ssd2/dh_labelled_data/DeepHeme2/BMA/cartridge_1/M1/M1_AML_H18-5887_S10_MSKK_2023-05-12_08.44.52slide_res_patch_93696_88064_x146_y461.png,MSKCC,1,BMA,Hamamatsu,random,,M1
/media/ssd2/dh_labelled_data/DeepHeme2/BMA/cartridge_1/M1/M1_AML_H17-4040_S10_MSKJ_2023-05-10_10.28.01slide_res_patch_69632_54272_x163_y243.png,MSKCC,1,BMA,Hamamatsu,random,,M1
/media/ssd2/dh_labelled_data/DeepHeme2/BMA/cartridge_1/M1/M1_AML_H18-9632_S10_MSKC_2023-04-25_10.14.04slide_res_patch_91136_49664_x284_y221.png,MSKCC,1,BMA,Hamamatsu,random,,M1
/media/ssd2/dh_labelled_data/DeepHeme2/BMA/cartridge_1/M1/M1_AML_H18-5887_S10_MSKK_2023-05-12_08.44.52slide_res_patch_96768_97280_x413_y383.png,MSKCC,1,BMA,Hamamatsu,random,,M1
/media/ssd2/dh_labelled_data/DeepHeme2/BMA/cartridge_1/M1/M1_AML_H18-7964_S10_MSKI_2023-05-19_09.09.42slide_res_patch_37376_47616_x269_y364.png,MSKCC,1,BMA,Hamamatsu,random,,M1
/media/ssd2/dh_labelled_data/DeepHeme2/BMA/cartridge_1/M1/M1_AML_H17-3202_S10_MSK9_2023-04-27_11.03.07slide_res_patch_50688_70656_x414_y180.png,MSKCC,1,BMA,Hamamatsu,random,,M1
/media/ssd2/dh_labelled_data/DeepHeme2/BMA/cartridge_1/M1/M1_AML_H17-4040_S10_MSKJ_2023-05-10_10.28.01slide_res_patch_41984_70656_x398_y271.png,MSKCC,1,BMA,Hamamatsu,random,,M1
/media/ssd2/dh_labelled_data/DeepHeme2/BMA/cartridge_1/M1/M1_AML_H18-5887_S10_MSKK_2023-05-12_08.50.45slide_res_patch_83968_57344_x191_y386.png,MSKCC,1,BMA,Hamamatsu,random,,M1
/media/ssd2/dh_labelled_data/DeepHeme2/BMA/cartridge_1/M1/M1_AML_H19-1331_S10_MSK2_2023-05-19_08.58.37slide_res_patch_67584_99840_x285_y65.png,MSKCC,1,BMA,Hamamatsu,random,,M1
/media/ssd2/dh_labelled_data/DeepHeme2/BMA/cartridge_1/M1/M1_AML_H18-7964_S10_MSKI_2023-05-19_09.09.42slide_res_patch_32256_59392_x269_y303.png,MSKCC,1,BMA,Hamamatsu,random,,M1
/media/ssd2/dh_labelled_data/DeepHeme2/BMA/cartridge_1/M1/M1_AML_H19-2098_S10_MSKM_2023-04-17_09.19.03slide_res_patch_52736_40960_x69_y194.png,MSKCC,1,BMA,Hamamatsu,random,,M1
/media/ssd2/dh_labelled_data/DeepHeme2/BMA/cartridge_1/M1/M1_AML_H22-1731_S10_MSK-_2023-03-23_16.41.50slide_res_patch_82944_35840_x295_y377.png,MSKCC,1,BMA,Hamamatsu,random,,M1
/media/ssd2/dh_labelled_data/DeepHeme2/BMA/cartridge_1/M1/ER1_AML_H17-4244_S10_MSK6_2023-05-10_10.54.27slide_res_patch_60416_53760_x273_y400.png,MSKCC,1,BMA,Hamamatsu,random,,M1
/media/ssd2/dh_labelled_data/DeepHeme2/BMA/cartridge_1/M1/B1_AML_H18-7964_S10_MSKI_2023-05-19_09.09.42slide_res_patch_46080_53248_x112_y341.png,MSKCC,1,BMA,Hamamatsu,random,,M1
/media/ssd2/dh_labelled_data/DeepHeme2/BMA/cartridge_1/M1/M1_AML_H17-2944_S10_MSKA_2023-04-27_21.23.29slide_res_patch_66048_69632_x463_y350.png,MSKCC,1,BMA,Hamamatsu,random,,M1
/media/ssd2/dh_labelled_data/DeepHeme2/BMA/cartridge_1/M1/M1_AML_H17-7556_S10_MSKE_2023-05-10_13.36.21slide_res_patch_104960_95232_x296_y70.png,MSKCC,1,BMA,Hamamatsu,random,,M1
/media/ssd2/dh_labelled_data/DeepHeme2/BMA/cartridge_1/M1/M1_AML_H18-5887_S10_MSKK_2023-05-12_08.50.45slide_res_patch_100864_85504_x90_y143.png,MSKCC,1,BMA,Hamamatsu,random,,M1
/media/ssd2/dh_labelled_data/DeepHeme2/BMA/cartridge_1/M1/M1_AML_H18-10086_S10_MSKR_2023-04-17_09.29.36slide_res_patch_97280_12288_x437_y51.png,MSKCC,1,BMA,Hamamatsu,random,,M1
/media/ssd2/dh_labelled_data/DeepHeme2/BMA/cartridge_1/M1/M1_AML_H18-9303_S10_MSKH_2023-03-23_23.32.37slide_res_patch_72192_74752_x194_y291.png,MSKCC,1,BMA,Hamamatsu,random,,M1
/media/ssd2/dh_labelled_data/DeepHeme2/BMA/cartridge_1/M1/M1_AML_H17-1461_S10_MSK4_2023-05-04_08.41.31slide_res_patch_24576_69632_x126_y231.png,MSKCC,1,BMA,Hamamatsu,random,,M1
/media/ssd2/dh_labelled_data/DeepHeme2/BMA/cartridge_1/M1/M1_AML_H19-1331_S10_MSK2_2023-05-19_08.58.37slide_res_patch_77824_99328_x180_y234.png,MSKCC,1,BMA,Hamamatsu,random,,M1
/media/ssd2/dh_labelled_data/DeepHeme2/BMA/cartridge_1/M1/M1_AML_H17-3578_S10_MSKE_2023-04-27_12.02.48slide_res_patch_69632_52736_x226_y214.png,MSKCC,1,BMA,Hamamatsu,random,,M1
/media/ssd2/dh_labelled_data/DeepHeme2/BMA/cartridge_1/M1/M1_AML_H17-7556_S10_MSKE_2023-05-10_13.31.06slide_res_patch_70656_73216_x242_y338.png,MSKCC,1,BMA,Hamamatsu,random,,M1
/media/ssd2/dh_labelled_data/DeepHeme2/BMA/cartridge_1/M1/M1_AML_H17-7335_S10_MSK0_2023-04-27_22.23.13slide_res_patch_84480_66048_x51_y52.png,MSKCC,1,BMA,Hamamatsu,random,,M1
/media/ssd2/dh_labelled_data/DeepHeme2/BMA/cartridge_1/M1/M1_AML_H17-4244_S10_MSK6_2023-05-10_10.54.27slide_res_patch_84992_43520_x56_y345.png,MSKCC,1,BMA,Hamamatsu,random,,M1
/media/ssd2/dh_labelled_data/DeepHeme2/BMA/cartridge_1/M1/M1_AML_H18-6795_S10_MSKJ_2023-04-17_09.24.20slide_res_patch_50688_29696_x194_y440.png,MSKCC,1,BMA,Hamamatsu,random,,M1
/media/ssd2/dh_labelled_data/DeepHeme2/BMA/cartridge_1/M1/M1_AML_H18-8234_S10_MSK0_2023-04-25_20.10.46slide_res_patch_62976_60928_x294_y71.png,MSKCC,1,BMA,Hamamatsu,random,,M1
/media/ssd2/dh_labelled_data/DeepHeme2/BMA/cartridge_1/M1/M1_AML_H22-7466_S14_MSK5_2023-06-06_16.36.05slide_res_patch_60928_74240_x201_y365.png,MSKCC,1,BMA,Hamamatsu,random,,M1
/media/ssd2/dh_labelled_data/DeepHeme2/BMA/cartridge_1/M1/M1_AML_H17-2944_S10_MSKA_2023-04-27_21.23.29slide_res_patch_71168_68608_x193_y363.png,MSKCC,1,BMA,Hamamatsu,random,,M1
/media/ssd2/dh_labelled_data/DeepHeme2/BMA/cartridge_1/M1/M1_AML_H18-7408_S10_MSKL_2023-04-25_18.02.37slide_res_patch_34816_28160_x347_y87.png,MSKCC,1,BMA,Hamamatsu,random,,M1
/media/ssd2/dh_labelled_data/DeepHeme2/BMA/cartridge_1/M1/M1_AML_H22-657_S10_MSK6_2023-06-01_05.04.06slide_res_patch_77824_48128_x280_y215.png,MSKCC,1,BMA,Hamamatsu,random,,M1
/media/ssd2/dh_labelled_data/DeepHeme2/BMA/cartridge_1/M1/L4_AML_H17-7536_S1_MSK3_2023-04-27_18.41.08slide_res_patch_88576_18432_x387_y49.png,MSKCC,1,BMA,Hamamatsu,random,,M1
/media/ssd2/dh_labelled_data/DeepHeme2/BMA/cartridge_1/M1/M1_AML_H18-9809_S10_MSKS_2023-04-25_09.47.26slide_res_patch_64000_54272_x403_y262.png,MSKCC,1,BMA,Hamamatsu,random,,M1
/media/ssd2/dh_labelled_data/DeepHeme2/BMA/cartridge_1/M1/M1_AML_H17-1461_S10_MSK4_2023-05-04_08.41.31slide_res_patch_26112_70144_x363_y298.png,MSKCC,1,BMA,Hamamatsu,random,,M1
/media/ssd2/dh_labelled_data/DeepHeme2/BMA/cartridge_1/M1/M1_AML_H17-7536_S1_MSK3_2023-04-27_18.41.08slide_res_patch_39424_46592_x280_y107.png,MSKCC,1,BMA,Hamamatsu,random,,M1
/media/ssd2/dh_labelled_data/DeepHeme2/BMA/cartridge_1/M1/M1_AML_H18-8234_S10_MSK0_2023-04-25_20.10.46slide_res_patch_49152_62976_x243_y309.png,MSKCC,1,BMA,Hamamatsu,random,,M1
/media/ssd2/dh_labelled_data/DeepHeme2/BMA/cartridge_1/M1/M1_AML_H22-7466_S14_MSK5_2023-06-06_16.30.17slide_res_patch_38912_18432_x103_y216.png,MSKCC,1,BMA,Hamamatsu,random,,M1
/media/ssd2/dh_labelled_data/DeepHeme2/BMA/cartridge_1/M1/M1_AML_H18-1559_S10_MSKC_2023-04-27_11.41.13slide_res_patch_80896_28160_x200_y325.png,MSKCC,1,BMA,Hamamatsu,random,,M1
/media/ssd2/dh_labelled_data/DeepHeme2/BMA/cartridge_1/M1/M1_AML_H18-6795_S10_MSKJ_2023-04-17_09.24.20slide_res_patch_76800_51712_x253_y188.png,MSKCC,1,BMA,Hamamatsu,random,,M1
/media/ssd2/dh_labelled_data/DeepHeme2/BMA/cartridge_1/M1/M1_AML_H18-1559_S10_MSKC_2023-04-27_11.35.56slide_res_patch_99328_79872_x257_y281.png,MSKCC,1,BMA,Hamamatsu,random,,M1
/media/ssd2/dh_labelled_data/DeepHeme2/BMA/cartridge_1/M1/M1_AML_H17-6242_S10_MSK6_2023-04-27_20.34.28slide_res_patch_52736_58368_x462_y321.png,MSKCC,1,BMA,Hamamatsu,random,,M1
/media/ssd2/dh_labelled_data/DeepHeme2/BMA/cartridge_1/M1/M1_AML_H17-1461_S10_MSK4_2023-05-04_08.36.04slide_res_patch_76800_89088_x170_y262.png,MSKCC,1,BMA,Hamamatsu,random,,M1
/media/ssd2/dh_labelled_data/DeepHeme2/BMA/cartridge_1/M1/M1_AML_H17-7536_S1_MSK3_2023-04-27_18.41.08slide_res_patch_46080_42496_x365_y267.png,MSKCC,1,BMA,Hamamatsu,random,,M1
/media/ssd2/dh_labelled_data/DeepHeme2/BMA/cartridge_1/M1/M1_AML_H17-7556_S10_MSKE_2023-05-10_13.31.06slide_res_patch_84992_67072_x229_y306.png,MSKCC,1,BMA,Hamamatsu,random,,M1
/media/ssd2/dh_labelled_data/DeepHeme2/BMA/cartridge_1/M1/M1_AML_H22-7466_S14_MSK5_2023-06-06_16.30.17slide_res_patch_35328_20992_x285_y387.png,MSKCC,1,BMA,Hamamatsu,random,,M1
/media/ssd2/dh_labelled_data/DeepHeme2/BMA/cartridge_1/M1/M1_AML_H17-7335_S10_MSK0_2023-04-27_22.23.13slide_res_patch_76288_81408_x311_y125.png,MSKCC,1,BMA,Hamamatsu,random,,M1
/media/ssd2/dh_labelled_data/DeepHeme2/BMA/cartridge_1/M1/M1_AML_H18-6587_S10_MSKI_2023-05-12_07.56.47slide_res_patch_61952_47616_x206_y228.png,MSKCC,1,BMA,Hamamatsu,random,,M1
/media/ssd2/dh_labelled_data/DeepHeme2/BMA/cartridge_1/M1/M1_AML_H18-1559_S10_MSKC_2023-04-27_11.41.13slide_res_patch_71680_20480_x223_y398.png,MSKCC,1,BMA,Hamamatsu,random,,M1
/media/ssd2/dh_labelled_data/DeepHeme2/BMA/cartridge_1/M1/M1_AML_H18-6795_S10_MSKJ_2023-04-17_09.24.20slide_res_patch_66560_68608_x179_y95.png,MSKCC,1,BMA,Hamamatsu,random,,M1
/media/ssd2/dh_labelled_data/DeepHeme2/BMA/cartridge_1/M1/L2_AML_H19-1331_S10_MSK2_2023-05-19_08.58.37slide_res_patch_77312_40960_x241_y207.png,MSKCC,1,BMA,Hamamatsu,random,,M1
/media/ssd2/dh_labelled_data/DeepHeme2/BMA/cartridge_1/M1/M1_AML_H17-4040_S10_MSKJ_2023-05-10_10.28.01slide_res_patch_60416_50688_x281_y185.png,MSKCC,1,BMA,Hamamatsu,random,,M1
/media/ssd2/dh_labelled_data/DeepHeme2/BMA/cartridge_1/M1/M1_AML_H17-1461_S10_MSK4_2023-05-04_08.36.04slide_res_patch_50688_78336_x214_y219.png,MSKCC,1,BMA,Hamamatsu,random,,M1
/media/ssd2/dh_labelled_data/DeepHeme2/BMA/cartridge_1/M1/M1_AML_H18-1755_S10_MSKA_2023-05-31_12.55.46slide_res_patch_55296_41472_x253_y380.png,MSKCC,1,BMA,Hamamatsu,random,,M1
/media/ssd2/dh_labelled_data/DeepHeme2/BMA/cartridge_1/M1/M1_AML_H18-5887_S10_MSKK_2023-05-12_08.50.45slide_res_patch_80384_55296_x148_y74.png,MSKCC,1,BMA,Hamamatsu,random,,M1
/media/ssd2/dh_labelled_data/DeepHeme2/BMA/cartridge_1/M1/M1_AML_H19-8400_S10_MSKP_2023-04-25_13.20.08slide_res_patch_14336_102400_x151_y375.png,MSKCC,1,BMA,Hamamatsu,random,,M1
/media/ssd2/dh_labelled_data/DeepHeme2/BMA/cartridge_1/L2/L2_AML_H18-1559_S10_MSKC_2023-04-27_11.35.56slide_res_patch_93184_66560_x413_y193.png,MSKCC,1,BMA,Hamamatsu,random,,L2
/media/ssd2/dh_labelled_data/DeepHeme2/BMA/cartridge_1/L2/L2_AML_H18-116_S10_MSK1_2023-04-27_13.11.30slide_res_patch_54272_44032_x217_y306.png,MSKCC,1,BMA,Hamamatsu,random,,L2
/media/ssd2/dh_labelled_data/DeepHeme2/BMA/cartridge_1/L2/L2_AML_H18-1559_S10_MSKC_2023-04-27_11.35.56slide_res_patch_30208_36352_x292_y124.png,MSKCC,1,BMA,Hamamatsu,random,,L2
/media/ssd2/dh_labelled_data/DeepHeme2/BMA/cartridge_1/L2/L2_AML_H18-9582_S10_MSKG_2023-04-25_10.35.49slide_res_patch_54272_94208_x296_y230.png,MSKCC,1,BMA,Hamamatsu,random,,L2
/media/ssd2/dh_labelled_data/DeepHeme2/BMA/cartridge_1/L2/MO2_AML_H17-2888_S10_MSKH_2023-04-27_20.23.07slide_res_patch_32768_27648_x327_y285.png,MSKCC,1,BMA,Hamamatsu,random,,L2
/media/ssd2/dh_labelled_data/DeepHeme2/BMA/cartridge_1/L2/L2_AML_H18-658_S10_MSKB_2023-04-27_10.08.03slide_res_patch_94720_33280_x189_y295.png,MSKCC,1,BMA,Hamamatsu,random,,L2
/media/ssd2/dh_labelled_data/DeepHeme2/BMA/cartridge_1/L2/L2_AML_H18-9860_S10_MSKP_2023-05-12_11.38.30slide_res_patch_98304_2560_x296_y229.png,MSKCC,1,BMA,Hamamatsu,random,,L2
/media/ssd2/dh_labelled_data/DeepHeme2/BMA/cartridge_1/L2/L2_AML_H19-6893_S1_MSK0_2023-04-25_14.52.28slide_res_patch_55296_41472_x148_y376.png,MSKCC,1,BMA,Hamamatsu,random,,L2
/media/ssd2/dh_labelled_data/DeepHeme2/BMA/cartridge_1/L2/L2_AML_H18-6883_S11_MSK9_2023-04-17_10.08.50slide_res_patch_35840_53760_x414_y425.png,MSKCC,1,BMA,Hamamatsu,random,,L2
/media/ssd2/dh_labelled_data/DeepHeme2/BMA/cartridge_1/U1/U1_AML_H17-7335_S10_MSK0_2023-04-27_22.23.13slide_res_patch_89088_66560_x57_y190.png,MSKCC,1,BMA,Hamamatsu,random,,U1
/media/ssd2/dh_labelled_data/DeepHeme2/BMA/cartridge_1/U1/MO2_AML_H18-6050_S10_MSKN_2023-04-25_20.46.24slide_res_patch_72192_67584_x401_y227.png,MSKCC,1,BMA,Hamamatsu,random,,U1
/media/ssd2/dh_labelled_data/DeepHeme2/BMA/cartridge_1/U1/B1_AML_H18-9303_S10_MSKH_2023-03-23_23.32.37slide_res_patch_72192_74752_x48_y265.png,MSKCC,1,BMA,Hamamatsu,random,,U1
/media/ssd2/dh_labelled_data/DeepHeme2/BMA/cartridge_1/U1/U1_AML_H17-9157_S10_MSKD_2023-05-04_12.51.23slide_res_patch_61952_43008_x428_y187.png,MSKCC,1,BMA,Hamamatsu,random,,U1
/media/ssd2/dh_labelled_data/DeepHeme2/BMA/cartridge_1/U1/ER2_AML_H18-7408_S10_MSKL_2023-04-25_18.02.37slide_res_patch_47104_34816_x359_y68.png,MSKCC,1,BMA,Hamamatsu,random,,U1
/media/ssd2/dh_labelled_data/DeepHeme2/BMA/cartridge_1/U1/U1_AML_H22-10182_S14_MSK4_2023-03-23_10.29.42slide_res_patch_62464_42496_x66_y292.png,MSKCC,1,BMA,Hamamatsu,random,,U1
/media/ssd2/dh_labelled_data/DeepHeme2/BMA/cartridge_1/U1/U1_AML_H21-6237_S10_MSK5_2023-05-24_04.22.05slide_res_patch_34304_46080_x363_y437.png,MSKCC,1,BMA,Hamamatsu,random,,U1
/media/ssd2/dh_labelled_data/DeepHeme2/BMA/cartridge_1/U1/U1_AML_H18-9809_S10_MSKS_2023-03-23_21.32.27slide_res_patch_64512_31232_x280_y94.png,MSKCC,1,BMA,Hamamatsu,random,,U1
/media/ssd2/dh_labelled_data/DeepHeme2/BMA/cartridge_1/U1/U1_AML_H18-2215_S10_MSK3_2023-05-31_17.48.31slide_res_patch_77824_82432_x286_y147.png,MSKCC,1,BMA,Hamamatsu,random,,U1
/media/ssd2/dh_labelled_data/DeepHeme2/BMA/cartridge_1/U1/E1_AML_H18-658_S10_MSKB_2023-04-27_09.21.18slide_res_patch_68096_49152_x243_y109.png,MSKCC,1,BMA,Hamamatsu,random,,U1
/media/ssd2/dh_labelled_data/DeepHeme2/BMA/cartridge_1/U1/U1_AML_H17-7736_S10_MSKE_2023-05-10_12.08.48slide_res_patch_98816_93696_x443_y368.png,MSKCC,1,BMA,Hamamatsu,random,,U1
/media/ssd2/dh_labelled_data/DeepHeme2/BMA/cartridge_1/U1/U1_AML_H18-1559_S10_MSKC_2023-04-27_11.35.56slide_res_patch_53760_10240_x337_y346.png,MSKCC,1,BMA,Hamamatsu,random,,U1
/media/ssd2/dh_labelled_data/DeepHeme2/BMA/cartridge_1/U1/M4_AML_H22-2284_S10_MSK4_2023-05-26_20.33.36slide_res_patch_46080_38400_x175_y212.png,MSKCC,1,BMA,Hamamatsu,random,,U1
/media/ssd2/dh_labelled_data/DeepHeme2/BMA/cartridge_1/U1/M1_AML_H18-658_S10_MSKB_2023-04-27_09.21.18slide_res_patch_48128_15360_x165_y305.png,MSKCC,1,BMA,Hamamatsu,random,,U1
/media/ssd2/dh_labelled_data/DeepHeme2/BMA/cartridge_1/M2/M2_AML_H17-2944_S10_MSKA_2023-04-27_21.23.29slide_res_patch_76800_61440_x249_y75.png,MSKCC,1,BMA,Hamamatsu,random,,M2
/media/ssd2/dh_labelled_data/DeepHeme2/BMA/cartridge_1/M2/M2_AML_H18-5797_S10_MSKK_2023-05-12_08.04.41slide_res_patch_46592_75776_x311_y325.png,MSKCC,1,BMA,Hamamatsu,random,,M2
/media/ssd2/dh_labelled_data/DeepHeme2/BMA/cartridge_1/M2/M2_AML_H18-1559_S10_MSKC_2023-04-27_11.35.56slide_res_patch_50688_9216_x127_y61.png,MSKCC,1,BMA,Hamamatsu,random,,M2
/media/ssd2/dh_labelled_data/DeepHeme2/BMA/cartridge_1/M2/M2_AML_H18-658_S10_MSKB_2023-04-27_09.21.18slide_res_patch_89088_88064_x436_y286.png,MSKCC,1,BMA,Hamamatsu,random,,M2
/media/ssd2/dh_labelled_data/DeepHeme2/BMA/cartridge_1/M2/M2_AML_H17-6634_S1_MSK1_2023-04-27_18.46.20slide_res_patch_12288_93696_x99_y60.png,MSKCC,1,BMA,Hamamatsu,random,,M2
/media/ssd2/dh_labelled_data/DeepHeme2/BMA/cartridge_1/M2/M2_AML_H17-1754_S10_MSK9_2023-04-27_13.32.50slide_res_patch_94208_68096_x387_y50.png,MSKCC,1,BMA,Hamamatsu,random,,M2
/media/ssd2/dh_labelled_data/DeepHeme2/BMA/cartridge_1/U4/M2_AML_H18-6694_S10_MSKH_2023-04-17_10.03.30slide_res_patch_66560_36864_x409_y188.png,MSKCC,1,BMA,Hamamatsu,random,,U4
/media/ssd2/dh_labelled_data/DeepHeme2/BMA/cartridge_1/ER6/ER6_AML_H19-9571_S10_MSKF_2023-06-21_14.25.36slide_res_patch_2048_92672_x463_y425.png,MSKCC,1,BMA,Hamamatsu,random,,ER6
/media/ssd2/dh_labelled_data/DeepHeme2/BMA/cartridge_1/M6/M6_AML_H18-7360_S6_MSKD_2023-04-25_17.33.02slide_res_patch_93184_77312_x48_y102.png,MSKCC,1,BMA,Hamamatsu,random,,M6
/media/ssd2/dh_labelled_data/DeepHeme2/BMA/cartridge_1/ER4/ER4_AML_H17-9025_S10_MSKH_2023-05-10_12.53.25slide_res_patch_74752_87552_x378_y302.png,MSKCC,1,BMA,Hamamatsu,random,,ER4
/media/ssd2/dh_labelled_data/DeepHeme2/BMA/cartridge_1/ER4/ER4_AML_H22-7466_S14_MSK5_2023-06-06_16.30.17slide_res_patch_39424_72192_x427_y459.png,MSKCC,1,BMA,Hamamatsu,random,,ER4
/media/ssd2/dh_labelled_data/DeepHeme2/BMA/cartridge_1/ER4/ER4_AML_H18-9860_S10_MSKP_2023-05-12_11.38.30slide_res_patch_79872_13312_x105_y68.png,MSKCC,1,BMA,Hamamatsu,random,,ER4
/media/ssd2/dh_labelled_data/DeepHeme2/BMA/cartridge_1/MO2/MO2_AML_H17-4040_S10_MSKJ_2023-05-10_10.38.33slide_res_patch_61952_72704_x270_y387.png,MSKCC,1,BMA,Hamamatsu,random,,MO2
/media/ssd2/dh_labelled_data/DeepHeme2/BMA/cartridge_1/MO2/MO2_AML_H17-4040_S10_MSKJ_2023-05-10_10.28.01slide_res_patch_71680_54784_x232_y325.png,MSKCC,1,BMA,Hamamatsu,random,,MO2
/media/ssd2/dh_labelled_data/DeepHeme2/BMA/cartridge_1/MO2/MO2_AML_H18-1559_S10_MSKC_2023-04-27_11.41.13slide_res_patch_55296_26624_x298_y52.png,MSKCC,1,BMA,Hamamatsu,random,,MO2
/media/ssd2/dh_labelled_data/DeepHeme2/BMA/cartridge_1/ER3/ER3_AML_H17-4040_S10_MSKJ_2023-05-10_10.38.33slide_res_patch_59392_72704_x150_y430.png,MSKCC,1,BMA,Hamamatsu,random,,ER3
/media/ssd2/dh_labelled_data/DeepHeme2/BMA/cartridge_1/ER3/ER3_AML_H17-6116_S10_MSK6_2023-04-27_18.30.44slide_res_patch_79872_74240_x453_y189.png,MSKCC,1,BMA,Hamamatsu,random,,ER3
/media/ssd2/dh_labelled_data/DeepHeme2/BMA/cartridge_1/ER3/ER3_AML_H18-1559_S10_MSKC_2023-04-27_11.35.56slide_res_patch_76288_53760_x263_y428.png,MSKCC,1,BMA,Hamamatsu,random,,ER3
/media/ssd2/dh_labelled_data/DeepHeme2/BMA/cartridge_1/ER3/L2_AML_H17-6810_S10_MSKG_2023-04-27_20.12.31slide_res_patch_25088_67584_x233_y182.png,MSKCC,1,BMA,Hamamatsu,random,,ER3
/media/ssd2/dh_labelled_data/DeepHeme2/BMA/cartridge_1/ER3/L4_AML_H17-9025_S10_MSKH_2023-05-10_12.53.25slide_res_patch_80384_87552_x85_y338.png,MSKCC,1,BMA,Hamamatsu,random,,ER3
/media/ssd2/dh_labelled_data/DeepHeme2/BMA/cartridge_1/M4/M4_AML_H21-6237_S10_MSK5_2023-05-24_03.59.22slide_res_patch_69632_45568_x180_y390.png,MSKCC,1,BMA,Hamamatsu,random,,M4
/media/ssd2/dh_labelled_data/DeepHeme2/BMA/cartridge_1/M4/M4_AML_H17-349_S10_MSK8_2023-05-04_09.18.19slide_res_patch_30720_59904_x184_y102.png,MSKCC,1,BMA,Hamamatsu,random,,M4
/media/ssd2/dh_labelled_data/DeepHeme2/BMA/cartridge_1/M4/M4_AML_H22-10182_S14_MSK4_2023-03-23_10.29.42slide_res_patch_74240_43520_x462_y69.png,MSKCC,1,BMA,Hamamatsu,random,,M4
/media/ssd2/dh_labelled_data/DeepHeme1/MSK_repo_mixed/U2/L4_ER2_AML_.45_.29_wlgjvwvldc.png,MSKCC,1,BMA,Hamamatsu,random,,U2
/media/ssd2/dh_labelled_data/DeepHeme1/MSK_repo_mixed/U2/ER3_ER2_AML_.12_.10_qtshomxadt.png,MSKCC,1,BMA,Hamamatsu,random,,U2
/media/ssd2/dh_labelled_data/DeepHeme1/MSK_repo_mixed/U2/L4_ER2_AML_.80_.09_skyeeprmyz.png,MSKCC,1,BMA,Hamamatsu,random,,U2
/media/ssd2/dh_labelled_data/DeepHeme1/MSK_repo_mixed/U2/U4_B2_AML_.80_.01_iygtlrsbds.png,MSKCC,1,BMA,Hamamatsu,random,,U2
/media/ssd2/dh_labelled_data/DeepHeme1/MSK_repo_mixed/U2/U4_PL3_AML_.09_.04_soqzofmzgp.png,MSKCC,1,BMA,Hamamatsu,random,,U2
/media/ssd2/dh_labelled_data/DeepHeme1/MSK_repo_mixed/U2/PL2_L4_AML_.98_.00_jxkyqqplec.png,MSKCC,1,BMA,Hamamatsu,random,,U2
/media/ssd2/dh_labelled_data/DeepHeme1/MSK_repo_mixed/U2/U4_L4_AML_.82_.01_rnszvyvydl.png,MSKCC,1,BMA,Hamamatsu,random,,U2
/media/ssd2/dh_labelled_data/DeepHeme1/MSK_repo_mixed/U2/L4_M2_AML_.87_.01_ohwpdrnaql.png,MSKCC,1,BMA,Hamamatsu,random,,U2
/media/ssd2/dh_labelled_data/DeepHeme1/MSK_repo_mixed/U2/U4_PL3_AML_.12_.09_imjgedxyki.png,MSKCC,1,BMA,Hamamatsu,random,,U2
/media/ssd2/dh_labelled_data/DeepHeme1/MSK_repo_mixed/U2/L4_L2_AML_.48_.10_lssydpktig.png,MSKCC,1,BMA,Hamamatsu,random,,U2
/media/ssd2/dh_labelled_data/DeepHeme1/MSK_repo_mixed/U2/PL2_ER1_AML_.98_.00_jvfbdqtsnm.png,MSKCC,1,BMA,Hamamatsu,random,,U2
/media/ssd2/dh_labelled_data/DeepHeme1/MSK_repo_mixed/U2/M6_L2_AML_.36_.09_roshwzayft.png,MSKCC,1,BMA,Hamamatsu,random,,U2
/media/ssd2/dh_labelled_data/DeepHeme1/MSK_repo_mixed/U2/U4_L4_AML_.25_.07_imopiifvgq.png,MSKCC,1,BMA,Hamamatsu,random,,U2
/media/ssd2/dh_labelled_data/DeepHeme1/MSK_repo_mixed/U2/L4_ER2_AML_.68_.24_afhnhxfwuv.png,MSKCC,1,BMA,Hamamatsu,random,,U2
/media/ssd2/dh_labelled_data/DeepHeme1/MSK_repo_mixed/U2/L4_ER2_AML_.10_.10_pkmospeyvv.png,MSKCC,1,BMA,Hamamatsu,random,,U2
/media/ssd2/dh_labelled_data/DeepHeme1/MSK_repo_mixed/U2/PL2_PL3_AML_.80_.04_ljfymxgiay.png,MSKCC,1,BMA,Hamamatsu,random,,U2
/media/ssd2/dh_labelled_data/DeepHeme1/MSK_repo_mixed/U2/B1_E1_AML_.20_.09_fofbvayyqg.png,MSKCC,1,BMA,Hamamatsu,random,,U2
/media/ssd2/dh_labelled_data/DeepHeme1/MSK_repo_mixed/U2/B1_E1_AML_.08_.06_rnrmdrxuhm.png,MSKCC,1,BMA,Hamamatsu,random,,U2
/media/ssd2/dh_labelled_data/DeepHeme1/MSK_repo_mixed/U2/U4_M2_AML_.17_.14_rsfujimcxt.png,MSKCC,1,BMA,Hamamatsu,random,,U2
/media/ssd2/dh_labelled_data/DeepHeme1/MSK_repo_mixed/U2/M4_M2_AML_.20_.13_dbdgqbnwtl.png,MSKCC,1,BMA,Hamamatsu,random,,U2
/media/ssd2/dh_labelled_data/DeepHeme1/MSK_repo_mixed/U2/L4_ER2_AML_.53_.51_womwmlcmjl.png,MSKCC,1,BMA,Hamamatsu,random,,U2
/media/ssd2/dh_labelled_data/DeepHeme1/MSK_repo_mixed/U2/L4_L2_AML_.64_.12_sioxmutnnq.png,MSKCC,1,BMA,Hamamatsu,random,,U2
/media/ssd2/dh_labelled_data/DeepHeme1/MSK_repo_mixed/U2/M5_M4_AML_.62_.22_sqwunrrzsw.png,MSKCC,1,BMA,Hamamatsu,random,,U2
/media/ssd2/dh_labelled_data/DeepHeme1/MSK_repo_mixed/U2/L4_M2_AML_.50_.08_dqjfgzbajf.png,MSKCC,1,BMA,Hamamatsu,random,,U2
/media/ssd2/dh_labelled_data/DeepHeme1/MSK_repo_mixed/U2/M4_E1_AML_.43_.28_tteqyrjnzb.png,MSKCC,1,BMA,Hamamatsu,random,,U2
/media/ssd2/dh_labelled_data/DeepHeme1/MSK_repo_mixed/U2/B1_M2_AML_.37_.10_orxnilwgmk.png,MSKCC,1,BMA,Hamamatsu,random,,U2
/media/ssd2/dh_labelled_data/DeepHeme1/MSK_repo_mixed/U2/L4_ER2_AML_.47_.24_ljtasgnbqr.png,MSKCC,1,BMA,Hamamatsu,random,,U2
/media/ssd2/dh_labelled_data/DeepHeme1/MSK_repo_mixed/U2/ER2_L2_AML_.31_.24_vlhukbgngs.png,MSKCC,1,BMA,Hamamatsu,random,,U2
/media/ssd2/dh_labelled_data/DeepHeme1/MSK_repo_mixed/U2/B1_M6_AML_.93_.01_loujakbnyh.png,MSKCC,1,BMA,Hamamatsu,random,,U2
/media/ssd2/dh_labelled_data/DeepHeme1/MSK_repo_mixed/U2/PL2_L4_AML_.98_.00_dshleivigf.png,MSKCC,1,BMA,Hamamatsu,random,,U2
/media/ssd2/dh_labelled_data/DeepHeme1/MSK_repo_mixed/U2/PL2_L4_AML_.95_.00_squqtinaun.png,MSKCC,1,BMA,Hamamatsu,random,,U2
/media/ssd2/dh_labelled_data/DeepHeme1/MSK_repo_mixed/U2/M3_M2_AML_.42_.25_dufnoqqvau.png,MSKCC,1,BMA,Hamamatsu,random,,U2
/media/ssd2/dh_labelled_data/DeepHeme1/MSK_repo_mixed/U2/L4_L2_AML_.55_.13_ehjerbnzfo.png,MSKCC,1,BMA,Hamamatsu,random,,U2
/media/ssd2/dh_labelled_data/DeepHeme1/MSK_repo_mixed/U2/L4_L2_AML_.27_.24_pgtrtacdhy.png,MSKCC,1,BMA,Hamamatsu,random,,U2
/media/ssd2/dh_labelled_data/DeepHeme1/MSK_repo_mixed/U2/L4_MO2_AML_.51_.06_wrdtsdwveo.png,MSKCC,1,BMA,Hamamatsu,random,,U2
/media/ssd2/dh_labelled_data/DeepHeme1/MSK_repo_mixed/U2/L4_PL2_AML_.27_.24_xpslfrqbip.png,MSKCC,1,BMA,Hamamatsu,random,,U2
/media/ssd2/dh_labelled_data/DeepHeme1/MSK_repo_mixed/U2/U4_M5_AML_.38_.30_hhqjifpxly.png,MSKCC,1,BMA,Hamamatsu,random,,U2
/media/ssd2/dh_labelled_data/DeepHeme1/MSK_repo_mixed/U2/M6_M5_AML_.14_.09_gycwjamxqw.png,MSKCC,1,BMA,Hamamatsu,random,,U2
/media/ssd2/dh_labelled_data/DeepHeme1/MSK_repo_mixed/U2/PL2_L4_AML_.97_.00_rqazcxvgkm.png,MSKCC,1,BMA,Hamamatsu,random,,U2
/media/ssd2/dh_labelled_data/DeepHeme1/MSK_repo_mixed/U2/M4_M3_AML_.80_.06_ngxeknzfvb.png,MSKCC,1,BMA,Hamamatsu,random,,U2
/media/ssd2/dh_labelled_data/DeepHeme1/MSK_repo_mixed/U2/L4_PL2_AML_.94_.01_omjvdrknmg.png,MSKCC,1,BMA,Hamamatsu,random,,U2
/media/ssd2/dh_labelled_data/DeepHeme1/MSK_repo_mixed/U2/U4_L4_AML_.29_.07_lgyzfoyopx.png,MSKCC,1,BMA,Hamamatsu,random,,U2
/media/ssd2/dh_labelled_data/DeepHeme1/MSK_repo_mixed/U2/B1_PL2_AML_.33_.11_beqmzxbogs.png,MSKCC,1,BMA,Hamamatsu,random,,U2
/media/ssd2/dh_labelled_data/DeepHeme1/MSK_repo_mixed/U2/PL2_L4_AML_.98_.00_gpywswsbcr.png,MSKCC,1,BMA,Hamamatsu,random,,U2
/media/ssd2/dh_labelled_data/DeepHeme1/MSK_repo_mixed/U2/L2_PL2_AML_.16_.11_txchhmiomj.png,MSKCC,1,BMA,Hamamatsu,random,,U2
/media/ssd2/dh_labelled_data/DeepHeme1/MSK_repo_mixed/U2/L4_PL2_AML_.69_.05_zzmrlrojfb.png,MSKCC,1,BMA,Hamamatsu,random,,U2
/media/ssd2/dh_labelled_data/DeepHeme1/MSK_repo_mixed/U2/L4_ER2_AML_.40_.21_ahzsyrukqg.png,MSKCC,1,BMA,Hamamatsu,random,,U2
/media/ssd2/dh_labelled_data/DeepHeme1/MSK_repo_mixed/U2/L4_ER2_AML_.88_.03_ugcxtluqmu.png,MSKCC,1,BMA,Hamamatsu,random,,U2
/media/ssd2/dh_labelled_data/DeepHeme1/MSK_repo_mixed/U2/PL2_L2_AML_.12_.09_fppksjogze.png,MSKCC,1,BMA,Hamamatsu,random,,U2
/media/ssd2/dh_labelled_data/DeepHeme1/MSK_repo_mixed/U2/U4_PL3_AML_.86_.02_ilsdyjvfou.png,MSKCC,1,BMA,Hamamatsu,random,,U2
/media/ssd2/dh_labelled_data/DeepHeme1/MSK_repo_mixed/U2/PL2_ER1_AML_.85_.05_dgvekxoggm.png,MSKCC,1,BMA,Hamamatsu,random,,U2
/media/ssd2/dh_labelled_data/DeepHeme1/MSK_repo_mixed/U2/B1_PL2_AML_.10_.10_gqnmfmtcfy.png,MSKCC,1,BMA,Hamamatsu,random,,U2
/media/ssd2/dh_labelled_data/DeepHeme1/MSK_repo_mixed/U2/M6_M4_AML_.55_.18_rwyzbskkwr.png,MSKCC,1,BMA,Hamamatsu,random,,U2
/media/ssd2/dh_labelled_data/DeepHeme1/MSK_repo_mixed/U2/L4_ER4_AML_.36_.20_yyffirckoo.png,MSKCC,1,BMA,Hamamatsu,random,,U2
/media/ssd2/dh_labelled_data/DeepHeme1/MSK_repo_mixed/U2/L4_PL2_AML_.94_.01_rwarotstsq.png,MSKCC,1,BMA,Hamamatsu,random,,U2
/media/ssd2/dh_labelled_data/DeepHeme1/MSK_repo_mixed/U2/PL2_ER1_AML_.97_.00_onflqhzinn.png,MSKCC,1,BMA,Hamamatsu,random,,U2
/media/ssd2/dh_labelled_data/DeepHeme1/MSK_repo_mixed/U2/L4_ER2_AML_.55_.19_glkhkhvpqv.png,MSKCC,1,BMA,Hamamatsu,random,,U2
/media/ssd2/dh_labelled_data/DeepHeme1/MSK_repo_mixed/U2/PL2_M4_AML_.83_.00_cnbuvlqclg.png,MSKCC,1,BMA,Hamamatsu,random,,U2
/media/ssd2/dh_labelled_data/DeepHeme1/MSK_repo_mixed/U2/B1_PL2_AML_.52_.15_rtcxchrkfg.png,MSKCC,1,BMA,Hamamatsu,random,,U2
/media/ssd2/dh_labelled_data/DeepHeme1/MSK_repo_mixed/U2/L4_PL2_AML_.61_.35_ipjzazmisb.png,MSKCC,1,BMA,Hamamatsu,random,,U2
/media/ssd2/dh_labelled_data/DeepHeme1/MSK_repo_mixed/U2/L4_ER2_AML_.85_.15_dqabjzszkd.png,MSKCC,1,BMA,Hamamatsu,random,,U2
/media/ssd2/dh_labelled_data/DeepHeme1/MSK_repo_mixed/U2/PL2_M1_AML_.17_.04_palgnblddh.png,MSKCC,1,BMA,Hamamatsu,random,,U2
/media/ssd2/dh_labelled_data/DeepHeme1/MSK_repo_mixed/U2/L4_ER2_AML_.83_.04_jnxqvaedwb.png,MSKCC,1,BMA,Hamamatsu,random,,U2
/media/ssd2/dh_labelled_data/DeepHeme1/MSK_repo_mixed/U2/L4_ER4_AML_.46_.10_mfmilikxcv.png,MSKCC,1,BMA,Hamamatsu,random,,U2
/media/ssd2/dh_labelled_data/DeepHeme1/MSK_repo_mixed/U2/M5_U1_AML_.22_.05_hbkunjtvtf.png,MSKCC,1,BMA,Hamamatsu,random,,U2
/media/ssd2/dh_labelled_data/DeepHeme1/MSK_repo_mixed/U2/L4_ER2_AML_.87_.10_bzahzeekmf.png,MSKCC,1,BMA,Hamamatsu,random,,U2
/media/ssd2/dh_labelled_data/DeepHeme1/MSK_repo_mixed/U2/U4_M2_AML_.88_.01_rdkmtqybfm.png,MSKCC,1,BMA,Hamamatsu,random,,U2
/media/ssd2/dh_labelled_data/DeepHeme1/MSK_repo_mixed/U2/L4_M2_AML_.71_.04_puameurhcj.png,MSKCC,1,BMA,Hamamatsu,random,,U2
/media/ssd2/dh_labelled_data/DeepHeme1/MSK_repo_mixed/U2/U4_PL3_AML_.87_.02_ahxeavjair.png,MSKCC,1,BMA,Hamamatsu,random,,U2
/media/ssd2/dh_labelled_data/DeepHeme1/MSK_repo_mixed/U2/U4_PL3_AML_.79_.03_xsdihynadx.png,MSKCC,1,BMA,Hamamatsu,random,,U2
/media/ssd2/dh_labelled_data/DeepHeme1/MSK_repo_mixed/U2/L4_ER2_AML_.94_.04_wplseyzpyr.png,MSKCC,1,BMA,Hamamatsu,random,,U2
/media/ssd2/dh_labelled_data/DeepHeme1/MSK_repo_mixed/U2/PL2_ER1_AML_.98_.00_ycgdreifab.png,MSKCC,1,BMA,Hamamatsu,random,,U2
/media/ssd2/dh_labelled_data/DeepHeme1/MSK_repo_mixed/U2/L4_L2_AML_.24_.11_ujnozyfczi.png,MSKCC,1,BMA,Hamamatsu,random,,U2
/media/ssd2/dh_labelled_data/DeepHeme1/MSK_repo_mixed/U2/U4_L4_AML_.19_.05_fmqxmqpmnp.png,MSKCC,1,BMA,Hamamatsu,random,,U2
/media/ssd2/dh_labelled_data/DeepHeme1/MSK_repo_mixed/U2/L4_PL2_AML_.23_.10_xiexwggrvm.png,MSKCC,1,BMA,Hamamatsu,random,,U2
/media/ssd2/dh_labelled_data/DeepHeme1/MSK_repo_mixed/U2/M4_PL2_AML_.46_.17_bunutyzorp.png,MSKCC,1,BMA,Hamamatsu,random,,U2
/media/ssd2/dh_labelled_data/DeepHeme1/MSK_repo_mixed/U2/B1_M6_AML_.09_.08_ukyhemygnj.png,MSKCC,1,BMA,Hamamatsu,random,,U2
/media/ssd2/dh_labelled_data/DeepHeme1/MSK_repo_mixed/U2/U4_PL2_AML_.13_.07_ucdviaoqec.png,MSKCC,1,BMA,Hamamatsu,random,,U2
/media/ssd2/dh_labelled_data/DeepHeme1/MSK_repo_mixed/U2/L4_L2_AML_.76_.11_zdztycbvnr.png,MSKCC,1,BMA,Hamamatsu,random,,U2
/media/ssd2/dh_labelled_data/DeepHeme1/MSK_repo_mixed/U2/B1_PL2_AML_.08_.05_jcttyiujmb.png,MSKCC,1,BMA,Hamamatsu,random,,U2
/media/ssd2/dh_labelled_data/DeepHeme1/MSK_repo_mixed/U2/M6_E4_AML_.32_.04_nphyrminfr.png,MSKCC,1,BMA,Hamamatsu,random,,U2
/media/ssd2/dh_labelled_data/DeepHeme1/MSK_repo_mixed/U2/M4_PL2_AML_.34_.24_hdiqumetum.png,MSKCC,1,BMA,Hamamatsu,random,,U2
/media/ssd2/dh_labelled_data/DeepHeme1/MSK_repo_mixed/U2/M4_E1_AML_.13_.13_sgkkptudfo.png,MSKCC,1,BMA,Hamamatsu,random,,U2
/media/ssd2/dh_labelled_data/DeepHeme1/MSK_repo_mixed/U2/L4_L2_AML_.22_.20_vdnaqfpbcn.png,MSKCC,1,BMA,Hamamatsu,random,,U2
/media/ssd2/dh_labelled_data/DeepHeme1/MSK_repo_mixed/U2/L4_PL2_AML_.65_.27_ommfntimrz.png,MSKCC,1,BMA,Hamamatsu,random,,U2
/media/ssd2/dh_labelled_data/DeepHeme1/MSK_repo_mixed/U2/M4_PL2_AML_.30_.24_lysxoxgboi.png,MSKCC,1,BMA,Hamamatsu,random,,U2
/media/ssd2/dh_labelled_data/DeepHeme1/MSK_repo_mixed/U2/L4_ER2_AML_.66_.33_fmglvfugfd.png,MSKCC,1,BMA,Hamamatsu,random,,U2
/media/ssd2/dh_labelled_data/DeepHeme1/MSK_repo_mixed/U2/PL2_L4_AML_.98_.00_jmvrrbjkxj.png,MSKCC,1,BMA,Hamamatsu,random,,U2
/media/ssd2/dh_labelled_data/DeepHeme1/MSK_repo_mixed/U2/PL2_L2_AML_.80_.04_akefycoial.png,MSKCC,1,BMA,Hamamatsu,random,,U2
/media/ssd2/dh_labelled_data/DeepHeme1/MSK_repo_mixed/U2/U4_E1_AML_.96_.00_yhkolmkpda.png,MSKCC,1,BMA,Hamamatsu,random,,U2
/media/ssd2/dh_labelled_data/DeepHeme1/MSK_repo_mixed/U2/L4_PL2_AML_.39_.18_xchvkqmkdr.png,MSKCC,1,BMA,Hamamatsu,random,,U2
/media/ssd2/dh_labelled_data/DeepHeme1/MSK_repo_mixed/U2/U4_L4_AML_.12_.07_bhbgoqyoeb.png,MSKCC,1,BMA,Hamamatsu,random,,U2
/media/ssd2/dh_labelled_data/DeepHeme1/MSK_repo_mixed/U2/L4_ER2_AML_.23_.17_qwahtpuglo.png,MSKCC,1,BMA,Hamamatsu,random,,U2
/media/ssd2/dh_labelled_data/DeepHeme1/MSK_repo_mixed/U2/PL2_ER4_AML_.93_.00_ktgipggwig.png,MSKCC,1,BMA,Hamamatsu,random,,U2
/media/ssd2/dh_labelled_data/DeepHeme1/MSK_repo_mixed/U2/PL2_ER1_AML_.97_.00_wbxyjgevnp.png,MSKCC,1,BMA,Hamamatsu,random,,U2
/media/ssd2/dh_labelled_data/DeepHeme1/MSK_repo_mixed/U2/PL2_L2_AML_.43_.20_ueepkamwls.png,MSKCC,1,BMA,Hamamatsu,random,,U2
/media/ssd2/dh_labelled_data/DeepHeme1/MSK_repo_mixed/U2/L4_L2_AML_.33_.14_udnqhfuayv.png,MSKCC,1,BMA,Hamamatsu,random,,U2
/media/ssd2/dh_labelled_data/DeepHeme1/MSK_repo_mixed/U2/L4_ER2_AML_.27_.08_cnuqtfmgyu.png,MSKCC,1,BMA,Hamamatsu,random,,U2
/media/ssd2/dh_labelled_data/DeepHeme1/MSK_repo_mixed/U2/L4_ER1_AML_.29_.05_mirjpbafrm.png,MSKCC,1,BMA,Hamamatsu,random,,U2
/media/ssd2/dh_labelled_data/DeepHeme1/MSK_repo_mixed/U2/M6_PL3_AML_.39_.11_mpiuljvyuz.png,MSKCC,1,BMA,Hamamatsu,random,,U2
/media/ssd2/dh_labelled_data/DeepHeme1/MSK_repo_mixed/U2/B1_B2_AML_.53_.02_kwmdbqccxr.png,MSKCC,1,BMA,Hamamatsu,random,,U2
/media/ssd2/dh_labelled_data/DeepHeme1/MSK_repo_mixed/U2/U4_PL3_AML_.34_.03_bazeihdquh.png,MSKCC,1,BMA,Hamamatsu,random,,U2
/media/ssd2/dh_labelled_data/DeepHeme1/MSK_repo_mixed/U2/U4_PL3_AML_.16_.05_huoucrtdog.png,MSKCC,1,BMA,Hamamatsu,random,,U2
/media/ssd2/dh_labelled_data/DeepHeme1/MSK_repo_mixed/U2/B1_U1_AML_.40_.11_wkuurlwzsz.png,MSKCC,1,BMA,Hamamatsu,random,,U2
/media/ssd2/dh_labelled_data/DeepHeme1/MSK_repo_mixed/U2/L4_ER1_AML_.27_.06_tivslmynxt.png,MSKCC,1,BMA,Hamamatsu,random,,U2
/media/ssd2/dh_labelled_data/DeepHeme1/MSK_repo_mixed/U2/M4_PL2_AML_.65_.07_fbnreeneeb.png,MSKCC,1,BMA,Hamamatsu,random,,U2
/media/ssd2/dh_labelled_data/DeepHeme1/MSK_repo_mixed/U2/ER6_U1_AML_.60_.08_xfumzbmuoc.png,MSKCC,1,BMA,Hamamatsu,random,,U2
/media/ssd2/dh_labelled_data/DeepHeme1/MSK_repo_mixed/U2/U4_PL3_AML_.97_.00_lcbecddiao.png,MSKCC,1,BMA,Hamamatsu,random,,U2
/media/ssd2/dh_labelled_data/DeepHeme1/MSK_repo_mixed/U2/M5_M4_AML_.75_.22_rkoxhtbmmf.png,MSKCC,1,BMA,Hamamatsu,random,,U2
/media/ssd2/dh_labelled_data/DeepHeme1/MSK_repo_mixed/U2/L4_ER2_AML_.53_.05_dlvbkhpbll.png,MSKCC,1,BMA,Hamamatsu,random,,U2
/media/ssd2/dh_labelled_data/DeepHeme1/MSK_repo_mixed/U2/PL2_L4_AML_.10_.10_oyydfbeooo.png,MSKCC,1,BMA,Hamamatsu,random,,U2
/media/ssd2/dh_labelled_data/DeepHeme1/MSK_repo_mixed/U2/U4_PL3_AML_.69_.04_yswyokycju.png,MSKCC,1,BMA,Hamamatsu,random,,U2
/media/ssd2/dh_labelled_data/DeepHeme1/MSK_repo_mixed/U2/B1_M6_AML_.80_.03_unllpbtgsg.png,MSKCC,1,BMA,Hamamatsu,random,,U2
/media/ssd2/dh_labelled_data/DeepHeme1/MSK_repo_mixed/U2/U4_PL3_AML_.17_.12_sqimtbnbgi.png,MSKCC,1,BMA,Hamamatsu,random,,U2
/media/ssd2/dh_labelled_data/DeepHeme1/MSK_repo_mixed/U2/B1_M6_AML_.11_.10_wqhfacdhin.png,MSKCC,1,BMA,Hamamatsu,random,,U2
/media/ssd2/dh_labelled_data/DeepHeme1/MSK_repo_mixed/U2/L4_PL2_AML_.25_.19_gmnsoptoka.png,MSKCC,1,BMA,Hamamatsu,random,,U2
/media/ssd2/dh_labelled_data/DeepHeme1/MSK_repo_mixed/U2/L4_ER4_AML_.43_.17_fvlyxoyrqk.png,MSKCC,1,BMA,Hamamatsu,random,,U2
/media/ssd2/dh_labelled_data/DeepHeme1/MSK_repo_mixed/U2/PL2_L4_AML_.98_.00_ohnjufehhc.png,MSKCC,1,BMA,Hamamatsu,random,,U2
/media/ssd2/dh_labelled_data/DeepHeme1/MSK_repo_mixed/U2/M6_M5_AML_.32_.29_nzlyzwddku.png,MSKCC,1,BMA,Hamamatsu,random,,U2
/media/ssd2/dh_labelled_data/DeepHeme1/MSK_repo_mixed/U2/U4_PL3_AML_.27_.16_bcuutjjitd.png,MSKCC,1,BMA,Hamamatsu,random,,U2
/media/ssd2/dh_labelled_data/DeepHeme1/MSK_repo_mixed/U2/B1_PL2_AML_.53_.09_htlxtqwrds.png,MSKCC,1,BMA,Hamamatsu,random,,U2
/media/ssd2/dh_labelled_data/DeepHeme1/MSK_repo_mixed/U2/U4_E1_AML_.76_.05_tcdvhndmhy.png,MSKCC,1,BMA,Hamamatsu,random,,U2
/media/ssd2/dh_labelled_data/DeepHeme1/MSK_repo_mixed/U2/L4_ER2_AML_.88_.02_kkvkdqthhh.png,MSKCC,1,BMA,Hamamatsu,random,,U2
/media/ssd2/dh_labelled_data/DeepHeme1/MSK_repo_mixed/U2/B1_U1_AML_.18_.13_qapbgwffub.png,MSKCC,1,BMA,Hamamatsu,random,,U2
/media/ssd2/dh_labelled_data/DeepHeme1/MSK_repo_mixed/U2/U4_M2_AML_.70_.01_lkjjiuwwkj.png,MSKCC,1,BMA,Hamamatsu,random,,U2
/media/ssd2/dh_labelled_data/DeepHeme1/MSK_repo_mixed/U2/L4_ER2_AML_.54_.15_axngepryso.png,MSKCC,1,BMA,Hamamatsu,random,,U2
/media/ssd2/dh_labelled_data/DeepHeme1/MSK_repo_mixed/U2/L4_ER2_AML_.49_.31_tnphmeujxh.png,MSKCC,1,BMA,Hamamatsu,random,,U2
/media/ssd2/dh_labelled_data/DeepHeme1/MSK_repo_mixed/U2/L4_PL2_AML_.88_.07_bjtpwgcnkv.png,MSKCC,1,BMA,Hamamatsu,random,,U2
/media/ssd2/dh_labelled_data/DeepHeme1/MSK_repo_mixed/U2/U4_E1_AML_.87_.01_jskqfnjlhs.png,MSKCC,1,BMA,Hamamatsu,random,,U2
/media/ssd2/dh_labelled_data/DeepHeme1/MSK_repo_mixed/U2/B1_PL2_AML_.39_.23_dutokqzlqh.png,MSKCC,1,BMA,Hamamatsu,random,,U2
/media/ssd2/dh_labelled_data/DeepHeme1/MSK_repo_mixed/U2/M4_M3_AML_.64_.09_zrrejyazfv.png,MSKCC,1,BMA,Hamamatsu,random,,U2
/media/ssd2/dh_labelled_data/DeepHeme1/MSK_repo_mixed/U2/L4_ER2_AML_.74_.25_udgkenepys.png,MSKCC,1,BMA,Hamamatsu,random,,U2
/media/ssd2/dh_labelled_data/DeepHeme1/MSK_repo_mixed/U2/U4_B1_AML_.69_.13_bixytuuabi.png,MSKCC,1,BMA,Hamamatsu,random,,U2
/media/ssd2/dh_labelled_data/DeepHeme1/MSK_repo_mixed/U2/PL2_M4_AML_.81_.03_wopjtopidi.png,MSKCC,1,BMA,Hamamatsu,random,,U2
/media/ssd2/dh_labelled_data/DeepHeme1/MSK_repo_mixed/U2/PL2_L4_AML_.98_.00_wzoxjmlopp.png,MSKCC,1,BMA,Hamamatsu,random,,U2
/media/ssd2/dh_labelled_data/DeepHeme1/MSK_repo_mixed/U2/L4_PL2_AML_.19_.16_stuevrxejd.png,MSKCC,1,BMA,Hamamatsu,random,,U2
/media/ssd2/dh_labelled_data/DeepHeme1/MSK_repo_mixed/U2/PL2_L4_AML_.98_.00_kzrpzfnrob.png,MSKCC,1,BMA,Hamamatsu,random,,U2
/media/ssd2/dh_labelled_data/DeepHeme1/MSK_repo_mixed/U2/L4_PL2_AML_.06_.05_owyqewoxnw.png,MSKCC,1,BMA,Hamamatsu,random,,U2
/media/ssd2/dh_labelled_data/DeepHeme1/MSK_repo_mixed/U2/U4_PL3_AML_.94_.01_recxnagvwd.png,MSKCC,1,BMA,Hamamatsu,random,,U2
/media/ssd2/dh_labelled_data/DeepHeme1/MSK_repo_mixed/U2/L4_L2_AML_.40_.36_timaplmnum.png,MSKCC,1,BMA,Hamamatsu,random,,U2
/media/ssd2/dh_labelled_data/DeepHeme1/MSK_repo_mixed/U2/L4_ER2_AML_.86_.09_fynpjmyqdj.png,MSKCC,1,BMA,Hamamatsu,random,,U2
/media/ssd2/dh_labelled_data/DeepHeme1/MSK_repo_mixed/U2/PL2_L4_AML_.97_.00_uckdufyyst.png,MSKCC,1,BMA,Hamamatsu,random,,U2
/media/ssd2/dh_labelled_data/DeepHeme1/MSK_repo_mixed/U2/U4_B1_AML_.46_.03_xypgqxpngw.png,MSKCC,1,BMA,Hamamatsu,random,,U2
/media/ssd2/dh_labelled_data/DeepHeme1/MSK_repo_mixed/U2/PL2_L4_AML_.98_.00_jxbmcpnzhi.png,MSKCC,1,BMA,Hamamatsu,random,,U2
/media/ssd2/dh_labelled_data/DeepHeme1/MSK_repo_mixed/U2/L4_L2_AML_.09_.06_djcffxiowt.png,MSKCC,1,BMA,Hamamatsu,random,,U2
/media/ssd2/dh_labelled_data/DeepHeme1/MSK_repo_mixed/U2/L4_L2_AML_.20_.15_ehyuxvzypp.png,MSKCC,1,BMA,Hamamatsu,random,,U2
/media/ssd2/dh_labelled_data/DeepHeme1/MSK_repo_mixed/U2/U4_PL3_AML_.29_.27_htutgkldzm.png,MSKCC,1,BMA,Hamamatsu,random,,U2
/media/ssd2/dh_labelled_data/DeepHeme1/MSK_repo_mixed/U2/B1_PL2_AML_.56_.23_yecmkqdntg.png,MSKCC,1,BMA,Hamamatsu,random,,U2
/media/ssd2/dh_labelled_data/DeepHeme1/MSK_repo_mixed/U2/PL2_L4_AML_.97_.00_kwfpqgwsdk.png,MSKCC,1,BMA,Hamamatsu,random,,U2
/media/ssd2/dh_labelled_data/DeepHeme1/MSK_repo_mixed/U2/M1_M2_AML_.33_.04_gkfewhzhqj.png,MSKCC,1,BMA,Hamamatsu,random,,U2
/media/ssd2/dh_labelled_data/DeepHeme1/MSK_repo_mixed/U2/B1_M3_AML_.54_.03_uthrwfxcqq.png,MSKCC,1,BMA,Hamamatsu,random,,U2
/media/ssd2/dh_labelled_data/DeepHeme1/MSK_repo_mixed/U2/PL2_L4_AML_.97_.00_ohsiecxpjs.png,MSKCC,1,BMA,Hamamatsu,random,,U2
/media/ssd2/dh_labelled_data/DeepHeme1/MSK_repo_mixed/U2/B1_PL2_AML_.14_.08_zjucrqujjo.png,MSKCC,1,BMA,Hamamatsu,random,,U2
/media/ssd2/dh_labelled_data/DeepHeme1/MSK_repo_mixed/U2/L4_ER2_AML_.44_.34_tnwwlyrqoo.png,MSKCC,1,BMA,Hamamatsu,random,,U2
/media/ssd2/dh_labelled_data/DeepHeme1/MSK_repo_mixed/U2/L4_ER2_AML_.07_.06_oqyjczkddv.png,MSKCC,1,BMA,Hamamatsu,random,,U2
/media/ssd2/dh_labelled_data/DeepHeme1/MSK_repo_mixed/U2/L4_PL2_AML_.38_.25_blsnbenwwu.png,MSKCC,1,BMA,Hamamatsu,random,,U2
/media/ssd2/dh_labelled_data/DeepHeme1/MSK_repo_mixed/U2/U4_L4_AML_.21_.06_tufrpggwev.png,MSKCC,1,BMA,Hamamatsu,random,,U2
/media/ssd2/dh_labelled_data/DeepHeme1/MSK_repo_mixed/U2/L4_L2_AML_.65_.12_mgceiuxwwm.png,MSKCC,1,BMA,Hamamatsu,random,,U2
/media/ssd2/dh_labelled_data/DeepHeme1/MSK_repo_mixed/U2/M2_L4_AML_.49_.18_wsseuhkcrc.png,MSKCC,1,BMA,Hamamatsu,random,,U2
/media/ssd2/dh_labelled_data/DeepHeme1/MSK_repo_mixed/U2/L4_ER2_AML_.64_.30_lqjybtgxin.png,MSKCC,1,BMA,Hamamatsu,random,,U2
/media/ssd2/dh_labelled_data/DeepHeme1/MSK_repo_mixed/U2/L4_L2_AML_.54_.23_rlmubhynrp.png,MSKCC,1,BMA,Hamamatsu,random,,U2
/media/ssd2/dh_labelled_data/DeepHeme1/MSK_repo_mixed/U2/M4_M5_AML_.48_.33_ztonrsyyrm.png,MSKCC,1,BMA,Hamamatsu,random,,U2
/media/ssd2/dh_labelled_data/DeepHeme1/MSK_repo_mixed/U2/U4_B2_AML_.82_.00_wiqrbsptmv.png,MSKCC,1,BMA,Hamamatsu,random,,U2
/media/ssd2/dh_labelled_data/DeepHeme1/MSK_repo_mixed/U2/M4_PL2_AML_.50_.11_uwkxclxikz.png,MSKCC,1,BMA,Hamamatsu,random,,U2
/media/ssd2/dh_labelled_data/DeepHeme1/MSK_repo_mixed/U2/PL2_ER1_AML_.97_.00_chcegadfya.png,MSKCC,1,BMA,Hamamatsu,random,,U2
/media/ssd2/dh_labelled_data/DeepHeme1/MSK_repo_mixed/U2/U4_L4_AML_.44_.16_bvckuzvsxt.png,MSKCC,1,BMA,Hamamatsu,random,,U2
/media/ssd2/dh_labelled_data/DeepHeme1/MSK_repo_mixed/U2/B1_PL2_AML_.47_.12_rjwchceifs.png,MSKCC,1,BMA,Hamamatsu,random,,U2
/media/ssd2/dh_labelled_data/DeepHeme1/MSK_repo_mixed/U2/B1_PL2_AML_.41_.11_lrueepjlcg.png,MSKCC,1,BMA,Hamamatsu,random,,U2
/media/ssd2/dh_labelled_data/DeepHeme1/MSK_repo_mixed/U2/L4_L2_AML_.91_.02_pltzohvlwn.png,MSKCC,1,BMA,Hamamatsu,random,,U2
/media/ssd2/dh_labelled_data/DeepHeme1/MSK_repo_mixed/U2/PL2_L2_AML_.18_.06_ukcvcabcxd.png,MSKCC,1,BMA,Hamamatsu,random,,U2
/media/ssd2/dh_labelled_data/DeepHeme1/MSK_repo_mixed/U2/L4_ER2_AML_.42_.21_ydtpyulvul.png,MSKCC,1,BMA,Hamamatsu,random,,U2
/media/ssd2/dh_labelled_data/DeepHeme1/MSK_repo_mixed/U2/U4_B1_AML_.62_.06_yifbayaixx.png,MSKCC,1,BMA,Hamamatsu,random,,U2
/media/ssd2/dh_labelled_data/DeepHeme1/MSK_repo_mixed/U2/L4_PL2_AML_.62_.12_ippeejxlee.png,MSKCC,1,BMA,Hamamatsu,random,,U2
/media/ssd2/dh_labelled_data/DeepHeme1/MSK_repo_mixed/U2/L4_L2_AML_.49_.20_bqtxfatdgl.png,MSKCC,1,BMA,Hamamatsu,random,,U2
/media/ssd2/dh_labelled_data/DeepHeme1/MSK_repo_mixed/U2/U4_M5_AML_.47_.11_kicxmxflqk.png,MSKCC,1,BMA,Hamamatsu,random,,U2
/media/ssd2/dh_labelled_data/DeepHeme1/MSK_repo_mixed/U2/L4_ER2_AML_.52_.40_stqsntzmkz.png,MSKCC,1,BMA,Hamamatsu,random,,U2
/media/ssd2/dh_labelled_data/DeepHeme1/MSK_repo_mixed/U2/PL2_L4_AML_.97_.00_mmitmvfqif.png,MSKCC,1,BMA,Hamamatsu,random,,U2
/media/ssd2/dh_labelled_data/DeepHeme1/MSK_repo_mixed/U2/B1_PL2_AML_.54_.14_ivqguarogw.png,MSKCC,1,BMA,Hamamatsu,random,,U2
/media/ssd2/dh_labelled_data/DeepHeme1/MSK_repo_mixed/U2/L4_ER2_AML_.92_.04_ubpmoasfoi.png,MSKCC,1,BMA,Hamamatsu,random,,U2
/media/ssd2/dh_labelled_data/DeepHeme1/MSK_repo_mixed/U2/PL2_L4_AML_.97_.00_ufuqysrrge.png,MSKCC,1,BMA,Hamamatsu,random,,U2
/media/ssd2/dh_labelled_data/DeepHeme1/MSK_repo_mixed/U2/B1_PL2_AML_.76_.04_sxuwqghsgu.png,MSKCC,1,BMA,Hamamatsu,random,,U2
/media/ssd2/dh_labelled_data/DeepHeme1/MSK_repo_mixed/U2/M4_PL2_AML_.25_.10_fozpsnixlu.png,MSKCC,1,BMA,Hamamatsu,random,,U2
/media/ssd2/dh_labelled_data/DeepHeme1/MSK_repo_mixed/U2/L4_ER2_AML_.90_.09_blxjeocpwi.png,MSKCC,1,BMA,Hamamatsu,random,,U2
/media/ssd2/dh_labelled_data/DeepHeme1/MSK_repo_mixed/U2/M4_M1_AML_.17_.14_agbnltkcmq.png,MSKCC,1,BMA,Hamamatsu,random,,U2
/media/ssd2/dh_labelled_data/DeepHeme1/MSK_repo_mixed/U2/B1_U1_AML_.32_.05_ozuqtrodvi.png,MSKCC,1,BMA,Hamamatsu,random,,U2
/media/ssd2/dh_labelled_data/DeepHeme1/MSK_repo_mixed/U2/B1_B2_AML_.77_.05_kvxdomazkg.png,MSKCC,1,BMA,Hamamatsu,random,,U2
/media/ssd2/dh_labelled_data/DeepHeme1/MSK_repo_mixed/U2/M6_L2_AML_.22_.15_blmltheikl.png,MSKCC,1,BMA,Hamamatsu,random,,U2
/media/ssd2/dh_labelled_data/DeepHeme1/MSK_repo_mixed/U2/L4_PL2_AML_.48_.22_ivequcxisi.png,MSKCC,1,BMA,Hamamatsu,random,,U2
/media/ssd2/dh_labelled_data/DeepHeme1/MSK_repo_mixed/U2/L4_ER2_AML_.37_.13_oezovjsfis.png,MSKCC,1,BMA,Hamamatsu,random,,U2
/media/ssd2/dh_labelled_data/DeepHeme1/MSK_repo_mixed/U2/PL2_L4_AML_.98_.00_msqvcdpoum.png,MSKCC,1,BMA,Hamamatsu,random,,U2
/media/ssd2/dh_labelled_data/DeepHeme1/MSK_repo_mixed/U2/L4_ER2_AML_.59_.29_jsshctobkc.png,MSKCC,1,BMA,Hamamatsu,random,,U2
/media/ssd2/dh_labelled_data/DeepHeme1/MSK_repo_mixed/U2/L2_B1_AML_.37_.06_iafqwutyhs.png,MSKCC,1,BMA,Hamamatsu,random,,U2
/media/ssd2/dh_labelled_data/DeepHeme1/MSK_repo_mixed/U2/L4_B1_AML_.07_.04_yyxxmnncyy.png,MSKCC,1,BMA,Hamamatsu,random,,U2
/media/ssd2/dh_labelled_data/DeepHeme1/MSK_repo_mixed/U2/B1_PL2_AML_.84_.07_wyodbgdvzt.png,MSKCC,1,BMA,Hamamatsu,random,,U2
/media/ssd2/dh_labelled_data/DeepHeme1/MSK_repo_mixed/U2/B1_PL2_AML_.37_.08_xeteouudqs.png,MSKCC,1,BMA,Hamamatsu,random,,U2
/media/ssd2/dh_labelled_data/DeepHeme1/MSK_repo_mixed/U2/L2_ER4_AML_.34_.27_ngdqfawkzx.png,MSKCC,1,BMA,Hamamatsu,random,,U2
/media/ssd2/dh_labelled_data/DeepHeme1/MSK_repo_mixed/U2/PL2_PL3_AML_.53_.25_ejeystyuov.png,MSKCC,1,BMA,Hamamatsu,random,,U2
/media/ssd2/dh_labelled_data/DeepHeme1/MSK_repo_mixed/U2/L4_ER2_AML_.70_.22_rstvjahwgi.png,MSKCC,1,BMA,Hamamatsu,random,,U2
/media/ssd2/dh_labelled_data/DeepHeme1/MSK_repo_mixed/U2/L4_ER2_AML_.28_.11_gzudrdcmcb.png,MSKCC,1,BMA,Hamamatsu,random,,U2
/media/ssd2/dh_labelled_data/DeepHeme1/MSK_repo_mixed/U2/L4_ER2_AML_.65_.07_itbwcqidbl.png,MSKCC,1,BMA,Hamamatsu,random,,U2
/media/ssd2/dh_labelled_data/DeepHeme1/MSK_repo_mixed/U2/L4_M3_AML_.33_.21_oxbzhbwkxb.png,MSKCC,1,BMA,Hamamatsu,random,,U2
/media/ssd2/dh_labelled_data/DeepHeme1/MSK_repo_mixed/U2/L4_ER1_AML_.26_.05_lzvoglefvz.png,MSKCC,1,BMA,Hamamatsu,random,,U2
/media/ssd2/dh_labelled_data/DeepHeme1/MSK_repo_mixed/U2/U4_B2_AML_.87_.01_naovfcukzi.png,MSKCC,1,BMA,Hamamatsu,random,,U2
/media/ssd2/dh_labelled_data/DeepHeme1/MSK_repo_mixed/U2/PL2_L4_AML_.98_.00_ryxafmumfm.png,MSKCC,1,BMA,Hamamatsu,random,,U2
/media/ssd2/dh_labelled_data/DeepHeme1/MSK_repo_mixed/U2/PL2_L4_AML_.98_.00_wafioboqjo.png,MSKCC,1,BMA,Hamamatsu,random,,U2
/media/ssd2/dh_labelled_data/DeepHeme1/MSK_repo_mixed/U2/B1_M6_AML_.11_.08_iroexsgogj.png,MSKCC,1,BMA,Hamamatsu,random,,U2
/media/ssd2/dh_labelled_data/DeepHeme1/MSK_repo_mixed/U2/B1_PL2_AML_.08_.05_wsblhvgrgv.png,MSKCC,1,BMA,Hamamatsu,random,,U2
/media/ssd2/dh_labelled_data/DeepHeme1/MSK_repo_mixed/U2/PL2_L4_AML_.85_.02_lylaakxgop.png,MSKCC,1,BMA,Hamamatsu,random,,U2
/media/ssd2/dh_labelled_data/DeepHeme1/MSK_repo_mixed/U2/U4_PL3_AML_.20_.17_byrbdremsk.png,MSKCC,1,BMA,Hamamatsu,random,,U2
/media/ssd2/dh_labelled_data/DeepHeme1/MSK_repo_mixed/U2/L4_ER2_AML_.21_.07_fwuxmynoqh.png,MSKCC,1,BMA,Hamamatsu,random,,U2
/media/ssd2/dh_labelled_data/DeepHeme1/MSK_repo_mixed/U2/PL2_PL3_AML_.98_.00_piqczgsyzh.png,MSKCC,1,BMA,Hamamatsu,random,,U2
/media/ssd2/dh_labelled_data/DeepHeme1/MSK_repo_mixed/U2/U4_M5_AML_.79_.01_ezaeswohlq.png,MSKCC,1,BMA,Hamamatsu,random,,U2
/media/ssd2/dh_labelled_data/DeepHeme1/MSK_repo_mixed/U2/U4_B1_AML_.71_.06_ihrhequjaj.png,MSKCC,1,BMA,Hamamatsu,random,,U2
/media/ssd2/dh_labelled_data/DeepHeme1/MSK_repo_mixed/U2/B1_M6_AML_.17_.07_rwsdscdpna.png,MSKCC,1,BMA,Hamamatsu,random,,U2
/media/ssd2/dh_labelled_data/DeepHeme1/MSK_repo_mixed/U2/B1_M6_AML_.08_.05_zrguqtucqs.png,MSKCC,1,BMA,Hamamatsu,random,,U2
/media/ssd2/dh_labelled_data/DeepHeme1/MSK_repo_mixed/U2/PL2_L4_AML_.98_.00_meyoolkaiq.png,MSKCC,1,BMA,Hamamatsu,random,,U2
/media/ssd2/dh_labelled_data/DeepHeme1/MSK_repo_mixed/U2/L4_PL2_AML_.14_.11_lnifqsvtoi.png,MSKCC,1,BMA,Hamamatsu,random,,U2
/media/ssd2/dh_labelled_data/DeepHeme1/MSK_repo_mixed/U2/L4_ER2_AML_.72_.18_eaoupayvcz.png,MSKCC,1,BMA,Hamamatsu,random,,U2
/media/ssd2/dh_labelled_data/DeepHeme1/MSK_repo_mixed/U2/PL2_L4_AML_.97_.00_bvuddmkxtm.png,MSKCC,1,BMA,Hamamatsu,random,,U2
/media/ssd2/dh_labelled_data/DeepHeme1/MSK_repo_mixed/U2/L4_ER4_AML_.29_.16_vhidqemviv.png,MSKCC,1,BMA,Hamamatsu,random,,U2
/media/ssd2/dh_labelled_data/DeepHeme1/MSK_repo_mixed/U2/PL2_M4_AML_.61_.05_folpkicjic.png,MSKCC,1,BMA,Hamamatsu,random,,U2
/media/ssd2/dh_labelled_data/DeepHeme1/MSK_repo_mixed/U2/L4_PL2_AML_.33_.14_sipyjhebwz.png,MSKCC,1,BMA,Hamamatsu,random,,U2
/media/ssd2/dh_labelled_data/DeepHeme1/MSK_repo_mixed/U2/U4_M2_AML_.33_.02_iyotyjtxss.png,MSKCC,1,BMA,Hamamatsu,random,,U2
/media/ssd2/dh_labelled_data/DeepHeme1/MSK_repo_mixed/U2/L4_ER2_AML_.89_.06_qlyqdyvzyh.png,MSKCC,1,BMA,Hamamatsu,random,,U2
/media/ssd2/dh_labelled_data/DeepHeme1/MSK_repo_mixed/U2/U4_L4_AML_.25_.08_ipqgrugbew.png,MSKCC,1,BMA,Hamamatsu,random,,U2
/media/ssd2/dh_labelled_data/DeepHeme1/MSK_repo_mixed/U2/L4_ER2_AML_.42_.15_jwszvvfztz.png,MSKCC,1,BMA,Hamamatsu,random,,U2
/media/ssd2/dh_labelled_data/DeepHeme1/MSK_repo_mixed/U2/B1_PL2_AML_.64_.07_ghjyuwtnjs.png,MSKCC,1,BMA,Hamamatsu,random,,U2
/media/ssd2/dh_labelled_data/DeepHeme1/MSK_repo_mixed/U2/L4_M2_AML_.67_.08_zohnpmoymc.png,MSKCC,1,BMA,Hamamatsu,random,,U2
/media/ssd2/dh_labelled_data/DeepHeme1/MSK_repo_mixed/U2/M6_M5_AML_.35_.24_uqavgkllan.png,MSKCC,1,BMA,Hamamatsu,random,,U2
/media/ssd2/dh_labelled_data/DeepHeme1/MSK_repo_mixed/U2/U4_ER4_AML_.12_.11_bluvvsodpa.png,MSKCC,1,BMA,Hamamatsu,random,,U2
/media/ssd2/dh_labelled_data/DeepHeme1/MSK_repo_mixed/U2/M6_M5_AML_.26_.14_zcsrmmmzqs.png,MSKCC,1,BMA,Hamamatsu,random,,U2
/media/ssd2/dh_labelled_data/DeepHeme1/MSK_repo_mixed/U2/M4_M1_AML_.17_.10_nggnxizkfx.png,MSKCC,1,BMA,Hamamatsu,random,,U2
/media/ssd2/dh_labelled_data/DeepHeme1/MSK_repo_mixed/U2/M4_L4_AML_.41_.05_wkzlzblpwl.png,MSKCC,1,BMA,Hamamatsu,random,,U2
/media/ssd2/dh_labelled_data/DeepHeme1/MSK_repo_mixed/U2/ER1_ER2_AML_.31_.09_tfwguvilay.png,MSKCC,1,BMA,Hamamatsu,random,,U2
/media/ssd2/dh_labelled_data/DeepHeme1/MSK_repo_mixed/U2/PL2_ER1_AML_.96_.00_fyuklfczhz.png,MSKCC,1,BMA,Hamamatsu,random,,U2
/media/ssd2/dh_labelled_data/DeepHeme1/MSK_repo_mixed/U2/L4_PL2_AML_.63_.31_tfqdyqfaku.png,MSKCC,1,BMA,Hamamatsu,random,,U2
/media/ssd2/dh_labelled_data/DeepHeme1/MSK_repo_mixed/U2/PL2_ER1_AML_.97_.00_vrfhaudobn.png,MSKCC,1,BMA,Hamamatsu,random,,U2
/media/ssd2/dh_labelled_data/DeepHeme1/MSK_repo_mixed/U2/U4_L4_AML_.75_.04_jnusuejfko.png,MSKCC,1,BMA,Hamamatsu,random,,U2
/media/ssd2/dh_labelled_data/DeepHeme1/MSK_repo_mixed/U2/PL2_L4_AML_.94_.01_youqjdociw.png,MSKCC,1,BMA,Hamamatsu,random,,U2
/media/ssd2/dh_labelled_data/DeepHeme1/MSK_repo_mixed/U2/B1_M2_AML_.09_.05_mzszlvnjmi.png,MSKCC,1,BMA,Hamamatsu,random,,U2
/media/ssd2/dh_labelled_data/DeepHeme1/MSK_repo_mixed/U2/L4_PL2_AML_.30_.14_fqkzjrynpj.png,MSKCC,1,BMA,Hamamatsu,random,,U2
/media/ssd2/dh_labelled_data/DeepHeme1/MSK_repo_mixed/U2/L4_L2_AML_.46_.16_jhgjkvxrmr.png,MSKCC,1,BMA,Hamamatsu,random,,U2
/media/ssd2/dh_labelled_data/DeepHeme1/MSK_repo_mixed/U2/B1_E1_AML_.19_.13_iiqqerjsgg.png,MSKCC,1,BMA,Hamamatsu,random,,U2
/media/ssd2/dh_labelled_data/DeepHeme1/MSK_repo_mixed/U2/PL2_L4_AML_.98_.00_oipjimyhug.png,MSKCC,1,BMA,Hamamatsu,random,,U2
/media/ssd2/dh_labelled_data/DeepHeme1/MSK_repo_mixed/U2/L4_L2_AML_.76_.06_gpwcrbpphv.png,MSKCC,1,BMA,Hamamatsu,random,,U2
/media/ssd2/dh_labelled_data/DeepHeme1/MSK_repo_mixed/U2/U4_PL3_AML_.21_.03_hacylcnlhi.png,MSKCC,1,BMA,Hamamatsu,random,,U2
/media/ssd2/dh_labelled_data/DeepHeme1/MSK_repo_mixed/U2/B1_PL2_AML_.78_.05_ivskykmljq.png,MSKCC,1,BMA,Hamamatsu,random,,U2
/media/ssd2/dh_labelled_data/DeepHeme1/MSK_repo_mixed/U2/L4_ER2_AML_.27_.10_katpkxbgcr.png,MSKCC,1,BMA,Hamamatsu,random,,U2
/media/ssd2/dh_labelled_data/DeepHeme1/MSK_repo_mixed/U2/L4_L2_AML_.32_.22_fmfscsvgoo.png,MSKCC,1,BMA,Hamamatsu,random,,U2
/media/ssd2/dh_labelled_data/DeepHeme1/MSK_repo_mixed/U2/PL2_L4_AML_.98_.00_aambqxiiov.png,MSKCC,1,BMA,Hamamatsu,random,,U2
/media/ssd2/dh_labelled_data/DeepHeme1/MSK_repo_mixed/U2/M4_M3_AML_.20_.18_izwogyzqib.png,MSKCC,1,BMA,Hamamatsu,random,,U2
/media/ssd2/dh_labelled_data/DeepHeme1/MSK_repo_mixed/U2/B1_PL2_AML_.75_.09_zwdtnuknqf.png,MSKCC,1,BMA,Hamamatsu,random,,U2
/media/ssd2/dh_labelled_data/DeepHeme1/MSK_repo_mixed/U2/U4_U1_AML_.12_.10_inkuqpmfuo.png,MSKCC,1,BMA,Hamamatsu,random,,U2
/media/ssd2/dh_labelled_data/DeepHeme1/MSK_repo_mixed/U2/PL2_L2_AML_.51_.22_bgpysufumz.png,MSKCC,1,BMA,Hamamatsu,random,,U2
/media/ssd2/dh_labelled_data/DeepHeme1/MSK_repo_mixed/U2/B1_E1_AML_.05_.04_dfxarivgzv.png,MSKCC,1,BMA,Hamamatsu,random,,U2
/media/ssd2/dh_labelled_data/DeepHeme1/MSK_repo_mixed/U2/U4_PL3_AML_.86_.02_vjslkncdxb.png,MSKCC,1,BMA,Hamamatsu,random,,U2
/media/ssd2/dh_labelled_data/DeepHeme1/MSK_repo_mixed/U2/PL2_ER1_AML_.90_.02_uvqwvljoak.png,MSKCC,1,BMA,Hamamatsu,random,,U2
/media/ssd2/dh_labelled_data/DeepHeme1/MSK_repo_mixed/U2/U4_L4_AML_.34_.10_vffdcxuumo.png,MSKCC,1,BMA,Hamamatsu,random,,U2
/media/ssd2/dh_labelled_data/DeepHeme1/MSK_repo_mixed/U2/U4_PL2_AML_.30_.03_jlijgiycet.png,MSKCC,1,BMA,Hamamatsu,random,,U2
/media/ssd2/dh_labelled_data/DeepHeme1/MSK_repo_mixed/B1/B1_B2_AML_.97_.00_wbtyjjsxjd.png,MSKCC,1,BMA,Hamamatsu,random,,B1
/media/ssd2/dh_labelled_data/DeepHeme1/MSK_repo_mixed/M5/M5_M4_AML_.84_.06_erztkloqed.png,MSKCC,1,BMA,Hamamatsu,random,,M5
/media/ssd2/dh_labelled_data/DeepHeme1/MSK_repo_mixed/M5/M5_M6_AML_.85_.12_cnpolgepwm.png,MSKCC,1,BMA,Hamamatsu,random,,M5
/media/ssd2/dh_labelled_data/DeepHeme1/MSK_repo_mixed/M5/M5_U1_AML_.74_.04_qjglkjqobs.png,MSKCC,1,BMA,Hamamatsu,random,,M5
/media/ssd2/dh_labelled_data/DeepHeme1/MSK_repo_mixed/M5/M5_M6_AML_.96_.02_mekezkpgtn.png,MSKCC,1,BMA,Hamamatsu,random,,M5
/media/ssd2/dh_labelled_data/DeepHeme1/MSK_repo_mixed/M5/M5_M6_AML_.96_.00_ibtynsblju.png,MSKCC,1,BMA,Hamamatsu,random,,M5
/media/ssd2/dh_labelled_data/DeepHeme1/MSK_repo_mixed/M5/M5_M4_AML_.95_.01_hsyepjudft.png,MSKCC,1,BMA,Hamamatsu,random,,M5
/media/ssd2/dh_labelled_data/DeepHeme1/MSK_repo_mixed/M5/M4_MO2_AML_.89_.02_iklidvekok.png,MSKCC,1,BMA,Hamamatsu,random,,M5
/media/ssd2/dh_labelled_data/DeepHeme1/MSK_repo_mixed/M5/M6_M5_AML_.73_.27_fdinyzfqqr.png,MSKCC,1,BMA,Hamamatsu,random,,M5
/media/ssd2/dh_labelled_data/DeepHeme1/MSK_repo_mixed/M5/M5_M4_AML_.94_.02_nnghoqimpp.png,MSKCC,1,BMA,Hamamatsu,random,,M5
/media/ssd2/dh_labelled_data/DeepHeme1/MSK_repo_mixed/M5/M5_M4_AML_.50_.24_qteroluvec.png,MSKCC,1,BMA,Hamamatsu,random,,M5
/media/ssd2/dh_labelled_data/DeepHeme1/MSK_repo_mixed/M5/M5_M6_AML_.96_.00_wulcvkjyia.png,MSKCC,1,BMA,Hamamatsu,random,,M5
/media/ssd2/dh_labelled_data/DeepHeme1/MSK_repo_mixed/ER1/ER1_M1_AML_.91_.06_lnkbmusbyl.png,MSKCC,1,BMA,Hamamatsu,random,,ER1
/media/ssd2/dh_labelled_data/DeepHeme1/MSK_repo_mixed/M1/M1_M2_AML_.88_.05_bbsmlxbibr.png,MSKCC,1,BMA,Hamamatsu,random,,M1
/media/ssd2/dh_labelled_data/DeepHeme1/MSK_repo_mixed/M1/M1_ER2_AML_.62_.09_hppcutcuoz.png,MSKCC,1,BMA,Hamamatsu,random,,M1
/media/ssd2/dh_labelled_data/DeepHeme1/MSK_repo_mixed/M1/U1_M1_AML_.90_.01_icnazqjzih.png,MSKCC,1,BMA,Hamamatsu,random,,M1
/media/ssd2/dh_labelled_data/DeepHeme1/MSK_repo_mixed/M1/M2_ER1_AML_.42_.25_sarjvmafkm.png,MSKCC,1,BMA,Hamamatsu,random,,M1
/media/ssd2/dh_labelled_data/DeepHeme1/MSK_repo_mixed/M1/M1_M2_AML_.72_.14_rrciuogaok.png,MSKCC,1,BMA,Hamamatsu,random,,M1
/media/ssd2/dh_labelled_data/DeepHeme1/MSK_repo_mixed/M1/M1_MO2_AML_.91_.03_vdlzuwdkib.png,MSKCC,1,BMA,Hamamatsu,random,,M1
/media/ssd2/dh_labelled_data/DeepHeme1/MSK_repo_mixed/M1/M1_MO2_AML_.80_.22_tgzlhbcwew.png,MSKCC,1,BMA,Hamamatsu,random,,M1
/media/ssd2/dh_labelled_data/DeepHeme1/MSK_repo_mixed/M1/M1_ER1_AML_.93_.02_ihceyrdajk.png,MSKCC,1,BMA,Hamamatsu,random,,M1
/media/ssd2/dh_labelled_data/DeepHeme1/MSK_repo_mixed/M1/M1_L2_AML_.91_.04_rkagntecvw.png,MSKCC,1,BMA,Hamamatsu,random,,M1
/media/ssd2/dh_labelled_data/DeepHeme1/MSK_repo_mixed/M1/M1_L2_AML_.22_.07_imdjuzkdsn.png,MSKCC,1,BMA,Hamamatsu,random,,M1
/media/ssd2/dh_labelled_data/DeepHeme1/MSK_repo_mixed/M1/M1_ER1_AML_.59_.11_qpmeeeflnt.png,MSKCC,1,BMA,Hamamatsu,random,,M1
/media/ssd2/dh_labelled_data/DeepHeme1/MSK_repo_mixed/M1/M1_MO2_AML_.93_.04_wffpzynqcg.png,MSKCC,1,BMA,Hamamatsu,random,,M1
/media/ssd2/dh_labelled_data/DeepHeme1/MSK_repo_mixed/M1/M1_MO2_AML_.94_.04_vgwuxalqlu.png,MSKCC,1,BMA,Hamamatsu,random,,M1
/media/ssd2/dh_labelled_data/DeepHeme1/MSK_repo_mixed/M1/M1_ER1_AML_.73_.25_ozrxnqglsj.png,MSKCC,1,BMA,Hamamatsu,random,,M1
/media/ssd2/dh_labelled_data/DeepHeme1/MSK_repo_mixed/M1/M1_MO2_AML_.30_.22_wpfkrcdzkt.png,MSKCC,1,BMA,Hamamatsu,random,,M1
/media/ssd2/dh_labelled_data/DeepHeme1/MSK_repo_mixed/M1/M1_ER1_AML_.80_.18_bjxwllbaty.png,MSKCC,1,BMA,Hamamatsu,random,,M1
/media/ssd2/dh_labelled_data/DeepHeme1/MSK_repo_mixed/M1/M1_L2_AML_.84_.08_drlvptxcgo.png,MSKCC,1,BMA,Hamamatsu,random,,M1
/media/ssd2/dh_labelled_data/DeepHeme1/MSK_repo_mixed/M1/M1_M2_AML_.57_.44_lvbkvjzric.png,MSKCC,1,BMA,Hamamatsu,random,,M1
/media/ssd2/dh_labelled_data/DeepHeme1/MSK_repo_mixed/M1/M1_ER1_AML_.84_.04_fmcjtnlpdk.png,MSKCC,1,BMA,Hamamatsu,random,,M1
/media/ssd2/dh_labelled_data/DeepHeme1/MSK_repo_mixed/M1/M1_MO2_AML_.86_.10_bjhklrvvfr.png,MSKCC,1,BMA,Hamamatsu,random,,M1
/media/ssd2/dh_labelled_data/DeepHeme1/MSK_repo_mixed/M1/M1_ER1_AML_.56_.38_sbharanqfd.png,MSKCC,1,BMA,Hamamatsu,random,,M1
/media/ssd2/dh_labelled_data/DeepHeme1/MSK_repo_mixed/M1/M1_ER1_AML_.93_.04_irysxbmmhw.png,MSKCC,1,BMA,Hamamatsu,random,,M1
/media/ssd2/dh_labelled_data/DeepHeme1/MSK_repo_mixed/M1/ER1_M1_AML_.47_.33_zwfuxjztkt.png,MSKCC,1,BMA,Hamamatsu,random,,M1
/media/ssd2/dh_labelled_data/DeepHeme1/MSK_repo_mixed/M1/MO2_M4_AML_.23_.16_gidtfwding.png,MSKCC,1,BMA,Hamamatsu,random,,M1
/media/ssd2/dh_labelled_data/DeepHeme1/MSK_repo_mixed/M1/M1_M2_AML_.80_.10_ealgfotlga.png,MSKCC,1,BMA,Hamamatsu,random,,M1
/media/ssd2/dh_labelled_data/DeepHeme1/MSK_repo_mixed/M1/M1_ER1_AML_.90_.07_qxvccclhhk.png,MSKCC,1,BMA,Hamamatsu,random,,M1
/media/ssd2/dh_labelled_data/DeepHeme1/MSK_repo_mixed/M1/L2_M1_AML_.60_.26_ebaezvicdg.png,MSKCC,1,BMA,Hamamatsu,random,,M1
/media/ssd2/dh_labelled_data/DeepHeme1/MSK_repo_mixed/M1/M1_ER1_AML_.91_.06_fpleytmsjj.png,MSKCC,1,BMA,Hamamatsu,random,,M1
/media/ssd2/dh_labelled_data/DeepHeme1/MSK_repo_mixed/M1/U1_ER1_AML_.84_.02_iptytpfzox.png,MSKCC,1,BMA,Hamamatsu,random,,M1
/media/ssd2/dh_labelled_data/DeepHeme1/MSK_repo_mixed/M1/M1_L2_AML_.81_.06_liwltwjwwk.png,MSKCC,1,BMA,Hamamatsu,random,,M1
/media/ssd2/dh_labelled_data/DeepHeme1/MSK_repo_mixed/M1/M1_ER1_AML_.56_.43_pnaijajlve.png,MSKCC,1,BMA,Hamamatsu,random,,M1
/media/ssd2/dh_labelled_data/DeepHeme1/MSK_repo_mixed/M1/M1_L2_AML_.64_.37_ktqgwjlpaw.png,MSKCC,1,BMA,Hamamatsu,random,,M1
/media/ssd2/dh_labelled_data/DeepHeme1/MSK_repo_mixed/M1/ER1_E4_AML_.38_.13_cbdjfltgwg.png,MSKCC,1,BMA,Hamamatsu,random,,M1
/media/ssd2/dh_labelled_data/DeepHeme1/MSK_repo_mixed/M1/M1_L2_AML_.64_.19_vzehhbvsoz.png,MSKCC,1,BMA,Hamamatsu,random,,M1
/media/ssd2/dh_labelled_data/DeepHeme1/MSK_repo_mixed/M1/M1_M2_AML_.92_.06_cfrogfwvvs.png,MSKCC,1,BMA,Hamamatsu,random,,M1
/media/ssd2/dh_labelled_data/DeepHeme1/MSK_repo_mixed/M1/M1_ER1_AML_.62_.23_adtaxdxstg.png,MSKCC,1,BMA,Hamamatsu,random,,M1
/media/ssd2/dh_labelled_data/DeepHeme1/MSK_repo_mixed/M1/M1_MO2_AML_.52_.04_arplfvvlir.png,MSKCC,1,BMA,Hamamatsu,random,,M1
/media/ssd2/dh_labelled_data/DeepHeme1/MSK_repo_mixed/M1/M1_PL2_AML_.14_.05_kghxakhjuk.png,MSKCC,1,BMA,Hamamatsu,random,,M1
/media/ssd2/dh_labelled_data/DeepHeme1/MSK_repo_mixed/M1/PL2_M2_AML_.19_.10_uxetxoajxg.png,MSKCC,1,BMA,Hamamatsu,random,,M1
/media/ssd2/dh_labelled_data/DeepHeme1/MSK_repo_mixed/M1/M1_MO2_AML_.52_.31_fyyrtrqdgp.png,MSKCC,1,BMA,Hamamatsu,random,,M1
/media/ssd2/dh_labelled_data/DeepHeme1/MSK_repo_mixed/M1/M1_M2_AML_.93_.03_smxvrfcwzb.png,MSKCC,1,BMA,Hamamatsu,random,,M1
/media/ssd2/dh_labelled_data/DeepHeme1/MSK_repo_mixed/M1/ER1_M1_AML_.85_.10_tdwkakjjig.png,MSKCC,1,BMA,Hamamatsu,random,,M1
/media/ssd2/dh_labelled_data/DeepHeme1/MSK_repo_mixed/M1/ER1_M1_AML_.80_.09_xztstxpial.png,MSKCC,1,BMA,Hamamatsu,random,,M1
/media/ssd2/dh_labelled_data/DeepHeme1/MSK_repo_mixed/M1/M1_M2_AML_.70_.27_ejfvzjlhzl.png,MSKCC,1,BMA,Hamamatsu,random,,M1
/media/ssd2/dh_labelled_data/DeepHeme1/MSK_repo_mixed/M1/M1_ER1_AML_.48_.42_ibpoyqjaer.png,MSKCC,1,BMA,Hamamatsu,random,,M1
/media/ssd2/dh_labelled_data/DeepHeme1/MSK_repo_mixed/M1/L2_M1_AML_.27_.14_xyinlvlhlw.png,MSKCC,1,BMA,Hamamatsu,random,,M1
/media/ssd2/dh_labelled_data/DeepHeme1/MSK_repo_mixed/M1/ER1_M1_AML_.90_.08_diwzryxbns.png,MSKCC,1,BMA,Hamamatsu,random,,M1
/media/ssd2/dh_labelled_data/DeepHeme1/MSK_repo_mixed/M1/M1_B1_AML_.24_.04_fppjbcidjx.png,MSKCC,1,BMA,Hamamatsu,random,,M1
/media/ssd2/dh_labelled_data/DeepHeme1/MSK_repo_mixed/M1/M1_L2_AML_.75_.20_astjevxojf.png,MSKCC,1,BMA,Hamamatsu,random,,M1
/media/ssd2/dh_labelled_data/DeepHeme1/MSK_repo_mixed/M1/M1_MO2_AML_.68_.09_gbqimbboec.png,MSKCC,1,BMA,Hamamatsu,random,,M1
/media/ssd2/dh_labelled_data/DeepHeme1/MSK_repo_mixed/M1/M1_L2_AML_.86_.03_eondclnzbm.png,MSKCC,1,BMA,Hamamatsu,random,,M1
/media/ssd2/dh_labelled_data/DeepHeme1/MSK_repo_mixed/M1/M1_L2_AML_.64_.22_ekgepqnhoo.png,MSKCC,1,BMA,Hamamatsu,random,,M1
/media/ssd2/dh_labelled_data/DeepHeme1/MSK_repo_mixed/M1/M1_ER1_AML_.92_.04_ihssufrrqb.png,MSKCC,1,BMA,Hamamatsu,random,,M1
/media/ssd2/dh_labelled_data/DeepHeme1/MSK_repo_mixed/M1/U1_M1_AML_.49_.26_faltazjcdr.png,MSKCC,1,BMA,Hamamatsu,random,,M1
/media/ssd2/dh_labelled_data/DeepHeme1/MSK_repo_mixed/M1/M1_M2_AML_.91_.05_gnbhdtcbmb.png,MSKCC,1,BMA,Hamamatsu,random,,M1
/media/ssd2/dh_labelled_data/DeepHeme1/MSK_repo_mixed/M1/L4_ER2_AML_.81_.23_rxqbvgolsn.png,MSKCC,1,BMA,Hamamatsu,random,,M1
/media/ssd2/dh_labelled_data/DeepHeme1/MSK_repo_mixed/M1/M1_ER2_AML_.65_.18_wwadvjquwy.png,MSKCC,1,BMA,Hamamatsu,random,,M1
/media/ssd2/dh_labelled_data/DeepHeme1/MSK_repo_mixed/M1/M1_L2_AML_.82_.11_ierljmalqp.png,MSKCC,1,BMA,Hamamatsu,random,,M1
/media/ssd2/dh_labelled_data/DeepHeme1/MSK_repo_mixed/M1/M1_MO2_AML_.52_.15_ehpvmkmqfs.png,MSKCC,1,BMA,Hamamatsu,random,,M1
/media/ssd2/dh_labelled_data/DeepHeme1/MSK_repo_mixed/M1/M1_M2_AML_.88_.10_izicbvmgsa.png,MSKCC,1,BMA,Hamamatsu,random,,M1
/media/ssd2/dh_labelled_data/DeepHeme1/MSK_repo_mixed/M1/ER1_M1_AML_.58_.27_agexclnhfz.png,MSKCC,1,BMA,Hamamatsu,random,,M1
/media/ssd2/dh_labelled_data/DeepHeme1/MSK_repo_mixed/M1/M1_MO2_AML_.81_.16_qdnmdbusfm.png,MSKCC,1,BMA,Hamamatsu,random,,M1
/media/ssd2/dh_labelled_data/DeepHeme1/MSK_repo_mixed/M1/M1_M2_AML_.82_.11_wceeumrbpy.png,MSKCC,1,BMA,Hamamatsu,random,,M1
/media/ssd2/dh_labelled_data/DeepHeme1/MSK_repo_mixed/M1/PL2_U1_AML_.63_.07_xmlgyupuwa.png,MSKCC,1,BMA,Hamamatsu,random,,M1
/media/ssd2/dh_labelled_data/DeepHeme1/MSK_repo_mixed/M1/M1_ER1_AML_.22_.18_cerhwzxwtm.png,MSKCC,1,BMA,Hamamatsu,random,,M1
/media/ssd2/dh_labelled_data/DeepHeme1/MSK_repo_mixed/M1/M1_ER1_AML_.76_.22_fiwgrexixf.png,MSKCC,1,BMA,Hamamatsu,random,,M1
/media/ssd2/dh_labelled_data/DeepHeme1/MSK_repo_mixed/M1/M1_MO2_AML_.88_.11_hdnivxccqb.png,MSKCC,1,BMA,Hamamatsu,random,,M1
/media/ssd2/dh_labelled_data/DeepHeme1/MSK_repo_mixed/M1/ER1_M1_AML_.82_.11_flfyjhhzzd.png,MSKCC,1,BMA,Hamamatsu,random,,M1
/media/ssd2/dh_labelled_data/DeepHeme1/MSK_repo_mixed/M1/ER1_M1_AML_.43_.41_xigiciazzb.png,MSKCC,1,BMA,Hamamatsu,random,,M1
/media/ssd2/dh_labelled_data/DeepHeme1/MSK_repo_mixed/M1/M1_ER1_AML_.80_.19_zoktysnpwv.png,MSKCC,1,BMA,Hamamatsu,random,,M1
/media/ssd2/dh_labelled_data/DeepHeme1/MSK_repo_mixed/M1/ER1_M1_AML_.73_.28_gxdtgbairi.png,MSKCC,1,BMA,Hamamatsu,random,,M1
/media/ssd2/dh_labelled_data/DeepHeme1/MSK_repo_mixed/M1/ER1_ER2_AML_.53_.30_gdunpwdbhj.png,MSKCC,1,BMA,Hamamatsu,random,,M1
/media/ssd2/dh_labelled_data/DeepHeme1/MSK_repo_mixed/M1/M1_MO2_AML_.84_.14_czwopgljpn.png,MSKCC,1,BMA,Hamamatsu,random,,M1
/media/ssd2/dh_labelled_data/DeepHeme1/MSK_repo_mixed/M1/M1_MO2_AML_.82_.08_qusnmzymvs.png,MSKCC,1,BMA,Hamamatsu,random,,M1
/media/ssd2/dh_labelled_data/DeepHeme1/MSK_repo_mixed/M1/M1_MO2_AML_.91_.08_gtygziiphu.png,MSKCC,1,BMA,Hamamatsu,random,,M1
/media/ssd2/dh_labelled_data/DeepHeme1/MSK_repo_mixed/M1/M2_M1_AML_.66_.05_txgnrztppx.png,MSKCC,1,BMA,Hamamatsu,random,,M1
/media/ssd2/dh_labelled_data/DeepHeme1/MSK_repo_mixed/M1/M1_MO2_AML_.81_.09_pffxqrkqil.png,MSKCC,1,BMA,Hamamatsu,random,,M1
/media/ssd2/dh_labelled_data/DeepHeme1/MSK_repo_mixed/M1/M1_ER1_AML_.71_.20_hbypwvlgjv.png,MSKCC,1,BMA,Hamamatsu,random,,M1
/media/ssd2/dh_labelled_data/DeepHeme1/MSK_repo_mixed/M1/M1_MO2_AML_.84_.14_xgwcjdvckx.png,MSKCC,1,BMA,Hamamatsu,random,,M1
/media/ssd2/dh_labelled_data/DeepHeme1/MSK_repo_mixed/M1/M1_MO2_AML_.67_.25_aunzutjhls.png,MSKCC,1,BMA,Hamamatsu,random,,M1
/media/ssd2/dh_labelled_data/DeepHeme1/MSK_repo_mixed/M1/M1_ER1_AML_.67_.17_rwubmkqrbm.png,MSKCC,1,BMA,Hamamatsu,random,,M1
/media/ssd2/dh_labelled_data/DeepHeme1/MSK_repo_mixed/M1/M1_MO2_AML_.35_.34_vdzoatsxjc.png,MSKCC,1,BMA,Hamamatsu,random,,M1
/media/ssd2/dh_labelled_data/DeepHeme1/MSK_repo_mixed/M1/ER1_M1_AML_.49_.34_nnaqexkoct.png,MSKCC,1,BMA,Hamamatsu,random,,M1
/media/ssd2/dh_labelled_data/DeepHeme1/MSK_repo_mixed/M1/M1_ER1_AML_.88_.09_sfsycrygyo.png,MSKCC,1,BMA,Hamamatsu,random,,M1
/media/ssd2/dh_labelled_data/DeepHeme1/MSK_repo_mixed/M1/M1_M2_AML_.33_.18_ktiprphihm.png,MSKCC,1,BMA,Hamamatsu,random,,M1
/media/ssd2/dh_labelled_data/DeepHeme1/MSK_repo_mixed/M1/M1_ER1_AML_.86_.06_ydobwhhzth.png,MSKCC,1,BMA,Hamamatsu,random,,M1
/media/ssd2/dh_labelled_data/DeepHeme1/MSK_repo_mixed/M1/M1_M2_AML_.83_.09_pxtumgwlly.png,MSKCC,1,BMA,Hamamatsu,random,,M1
/media/ssd2/dh_labelled_data/DeepHeme1/MSK_repo_mixed/M1/M1_ER1_AML_.75_.14_ercazkloah.png,MSKCC,1,BMA,Hamamatsu,random,,M1
/media/ssd2/dh_labelled_data/DeepHeme1/MSK_repo_mixed/M1/M1_M2_AML_.69_.36_yzbwvcmvdl.png,MSKCC,1,BMA,Hamamatsu,random,,M1
/media/ssd2/dh_labelled_data/DeepHeme1/MSK_repo_mixed/M1/ER1_M1_AML_.60_.36_etruirzard.png,MSKCC,1,BMA,Hamamatsu,random,,M1
/media/ssd2/dh_labelled_data/DeepHeme1/MSK_repo_mixed/M1/M1_ER1_AML_.90_.05_hvsgrltbjn.png,MSKCC,1,BMA,Hamamatsu,random,,M1
/media/ssd2/dh_labelled_data/DeepHeme1/MSK_repo_mixed/M1/M1_M2_AML_.90_.04_uambmfrqdz.png,MSKCC,1,BMA,Hamamatsu,random,,M1
/media/ssd2/dh_labelled_data/DeepHeme1/MSK_repo_mixed/M1/M1_ER1_AML_.56_.46_qcvwtcgvck.png,MSKCC,1,BMA,Hamamatsu,random,,M1
/media/ssd2/dh_labelled_data/DeepHeme1/MSK_repo_mixed/M1/M1_ER1_AML_.83_.14_quomdujclg.png,MSKCC,1,BMA,Hamamatsu,random,,M1
/media/ssd2/dh_labelled_data/DeepHeme1/MSK_repo_mixed/M1/M1_L2_AML_.80_.14_udggmewvsg.png,MSKCC,1,BMA,Hamamatsu,random,,M1
/media/ssd2/dh_labelled_data/DeepHeme1/MSK_repo_mixed/M1/M1_ER1_AML_.88_.08_wjddlsejib.png,MSKCC,1,BMA,Hamamatsu,random,,M1
/media/ssd2/dh_labelled_data/DeepHeme1/MSK_repo_mixed/M1/M1_ER1_AML_.84_.06_xinyxuiuda.png,MSKCC,1,BMA,Hamamatsu,random,,M1
/media/ssd2/dh_labelled_data/DeepHeme1/MSK_repo_mixed/M1/M1_M2_AML_.77_.08_ehdcsbbjvr.png,MSKCC,1,BMA,Hamamatsu,random,,M1
/media/ssd2/dh_labelled_data/DeepHeme1/MSK_repo_mixed/M1/M1_ER1_AML_.92_.04_unhbinhxmd.png,MSKCC,1,BMA,Hamamatsu,random,,M1
/media/ssd2/dh_labelled_data/DeepHeme1/MSK_repo_mixed/M1/M1_ER1_AML_.80_.12_hhioimhqyx.png,MSKCC,1,BMA,Hamamatsu,random,,M1
/media/ssd2/dh_labelled_data/DeepHeme1/MSK_repo_mixed/M1/M1_MO2_AML_.90_.11_fzwrxnghbv.png,MSKCC,1,BMA,Hamamatsu,random,,M1
/media/ssd2/dh_labelled_data/DeepHeme1/MSK_repo_mixed/M1/M1_M2_AML_.86_.13_sqtleeacuh.png,MSKCC,1,BMA,Hamamatsu,random,,M1
/media/ssd2/dh_labelled_data/DeepHeme1/MSK_repo_mixed/M1/M1_L2_AML_.79_.17_kywkpyxsbu.png,MSKCC,1,BMA,Hamamatsu,random,,M1
/media/ssd2/dh_labelled_data/DeepHeme1/MSK_repo_mixed/M1/ER1_M1_AML_.60_.38_pwduingqgq.png,MSKCC,1,BMA,Hamamatsu,random,,M1
/media/ssd2/dh_labelled_data/DeepHeme1/MSK_repo_mixed/M1/M1_M3_AML_.36_.21_crftdxvrsj.png,MSKCC,1,BMA,Hamamatsu,random,,M1
/media/ssd2/dh_labelled_data/DeepHeme1/MSK_repo_mixed/M1/ER1_M1_AML_.51_.39_qlfzlflteo.png,MSKCC,1,BMA,Hamamatsu,random,,M1
/media/ssd2/dh_labelled_data/DeepHeme1/MSK_repo_mixed/M1/M1_L2_AML_.77_.13_vtehutkare.png,MSKCC,1,BMA,Hamamatsu,random,,M1
/media/ssd2/dh_labelled_data/DeepHeme1/MSK_repo_mixed/M1/M1_M2_AML_.74_.25_melvehtxff.png,MSKCC,1,BMA,Hamamatsu,random,,M1
/media/ssd2/dh_labelled_data/DeepHeme1/MSK_repo_mixed/M1/PL2_L2_AML_.67_.01_ffkklrzkev.png,MSKCC,1,BMA,Hamamatsu,random,,M1
/media/ssd2/dh_labelled_data/DeepHeme1/MSK_repo_mixed/M1/M1_MO2_AML_.94_.03_hgfhbjjzzc.png,MSKCC,1,BMA,Hamamatsu,random,,M1
/media/ssd2/dh_labelled_data/DeepHeme1/MSK_repo_mixed/M1/M1_ER1_AML_.82_.13_eqoevwfqnc.png,MSKCC,1,BMA,Hamamatsu,random,,M1
/media/ssd2/dh_labelled_data/DeepHeme1/MSK_repo_mixed/M1/M1_U1_AML_.28_.19_umdddksblt.png,MSKCC,1,BMA,Hamamatsu,random,,M1
/media/ssd2/dh_labelled_data/DeepHeme1/MSK_repo_mixed/M1/M1_ER1_AML_.52_.14_cmcpexbvjo.png,MSKCC,1,BMA,Hamamatsu,random,,M1
/media/ssd2/dh_labelled_data/DeepHeme1/MSK_repo_mixed/L2/L2_M1_AML_.96_.00_qiyirabxph.png,MSKCC,1,BMA,Hamamatsu,random,,L2
/media/ssd2/dh_labelled_data/DeepHeme1/MSK_repo_mixed/L2/PL2_L2_AML_.69_.08_pkoytyyeaa.png,MSKCC,1,BMA,Hamamatsu,random,,L2
/media/ssd2/dh_labelled_data/DeepHeme1/MSK_repo_mixed/L2/L2_L4_AML_.88_.02_cnrwtirkhx.png,MSKCC,1,BMA,Hamamatsu,random,,L2
/media/ssd2/dh_labelled_data/DeepHeme1/MSK_repo_mixed/L2/L2_L4_AML_.27_.14_rktcabltlm.png,MSKCC,1,BMA,Hamamatsu,random,,L2
/media/ssd2/dh_labelled_data/DeepHeme1/MSK_repo_mixed/L2/L2_L4_AML_.91_.01_ulbqbmyxhm.png,MSKCC,1,BMA,Hamamatsu,random,,L2
/media/ssd2/dh_labelled_data/DeepHeme1/MSK_repo_mixed/L2/L2_M1_AML_.59_.49_ymjynmperj.png,MSKCC,1,BMA,Hamamatsu,random,,L2
/media/ssd2/dh_labelled_data/DeepHeme1/MSK_repo_mixed/L2/L2_ER2_AML_.53_.12_wchkcyvwir.png,MSKCC,1,BMA,Hamamatsu,random,,L2
/media/ssd2/dh_labelled_data/DeepHeme1/MSK_repo_mixed/L2/L2_M1_AML_.87_.08_snpxdsusbk.png,MSKCC,1,BMA,Hamamatsu,random,,L2
/media/ssd2/dh_labelled_data/DeepHeme1/MSK_repo_mixed/L2/L2_ER2_AML_.24_.17_gzoxidjxiz.png,MSKCC,1,BMA,Hamamatsu,random,,L2
/media/ssd2/dh_labelled_data/DeepHeme1/MSK_repo_mixed/L2/L2_L4_AML_.48_.14_vnezpojuuz.png,MSKCC,1,BMA,Hamamatsu,random,,L2
/media/ssd2/dh_labelled_data/DeepHeme1/MSK_repo_mixed/L2/L2_M1_AML_.96_.01_lstjjkmmtt.png,MSKCC,1,BMA,Hamamatsu,random,,L2
/media/ssd2/dh_labelled_data/DeepHeme1/MSK_repo_mixed/L2/L2_PL2_AML_.13_.07_bsblwbpcmq.png,MSKCC,1,BMA,Hamamatsu,random,,L2
/media/ssd2/dh_labelled_data/DeepHeme1/MSK_repo_mixed/L2/L2_L4_AML_.95_.00_hpqmvwafaq.png,MSKCC,1,BMA,Hamamatsu,random,,L2
/media/ssd2/dh_labelled_data/DeepHeme1/MSK_repo_mixed/L2/L2_L4_AML_.96_.00_agqhnddqru.png,MSKCC,1,BMA,Hamamatsu,random,,L2
/media/ssd2/dh_labelled_data/DeepHeme1/MSK_repo_mixed/L2/L2_M1_AML_.95_.00_edyjiscxqm.png,MSKCC,1,BMA,Hamamatsu,random,,L2
/media/ssd2/dh_labelled_data/DeepHeme1/MSK_repo_mixed/L2/L2_M1_AML_.81_.02_gpyprnchrw.png,MSKCC,1,BMA,Hamamatsu,random,,L2
/media/ssd2/dh_labelled_data/DeepHeme1/MSK_repo_mixed/L2/L2_ER3_AML_.91_.01_krowhbfvoy.png,MSKCC,1,BMA,Hamamatsu,random,,L2
/media/ssd2/dh_labelled_data/DeepHeme1/MSK_repo_mixed/L2/L2_L4_AML_.96_.00_xlioygeazr.png,MSKCC,1,BMA,Hamamatsu,random,,L2
/media/ssd2/dh_labelled_data/DeepHeme1/MSK_repo_mixed/L2/L2_PL2_AML_.91_.01_anzinkyjgw.png,MSKCC,1,BMA,Hamamatsu,random,,L2
/media/ssd2/dh_labelled_data/DeepHeme1/MSK_repo_mixed/L2/L2_ER3_AML_.89_.02_mpmtjmvsvn.png,MSKCC,1,BMA,Hamamatsu,random,,L2
/media/ssd2/dh_labelled_data/DeepHeme1/MSK_repo_mixed/L2/L2_M1_AML_.60_.19_ffdsxgtbje.png,MSKCC,1,BMA,Hamamatsu,random,,L2
/media/ssd2/dh_labelled_data/DeepHeme1/MSK_repo_mixed/L2/L2_M1_AML_.95_.00_qlquxhzxws.png,MSKCC,1,BMA,Hamamatsu,random,,L2
/media/ssd2/dh_labelled_data/DeepHeme1/MSK_repo_mixed/L2/L2_L4_AML_.95_.00_dpgqfdxerx.png,MSKCC,1,BMA,Hamamatsu,random,,L2
/media/ssd2/dh_labelled_data/DeepHeme1/MSK_repo_mixed/L2/ER2_L4_AML_.53_.46_psfjmmbyvy.png,MSKCC,1,BMA,Hamamatsu,random,,L2
/media/ssd2/dh_labelled_data/DeepHeme1/MSK_repo_mixed/L2/L2_M1_AML_.93_.01_akwurcozeu.png,MSKCC,1,BMA,Hamamatsu,random,,L2
/media/ssd2/dh_labelled_data/DeepHeme1/MSK_repo_mixed/L2/L2_PL3_AML_.85_.04_ayshaazmmf.png,MSKCC,1,BMA,Hamamatsu,random,,L2
/media/ssd2/dh_labelled_data/DeepHeme1/MSK_repo_mixed/L2/L2_M1_AML_.95_.00_bnpuhsokmr.png,MSKCC,1,BMA,Hamamatsu,random,,L2
/media/ssd2/dh_labelled_data/DeepHeme1/MSK_repo_mixed/L2/L2_M1_AML_.95_.01_zuxqyunovt.png,MSKCC,1,BMA,Hamamatsu,random,,L2
/media/ssd2/dh_labelled_data/DeepHeme1/MSK_repo_mixed/L2/L2_M1_AML_.60_.34_pssrsxjfbz.png,MSKCC,1,BMA,Hamamatsu,random,,L2
/media/ssd2/dh_labelled_data/DeepHeme1/MSK_repo_mixed/L2/ER2_M1_AML_.31_.28_yyzjhkkmih.png,MSKCC,1,BMA,Hamamatsu,random,,L2
/media/ssd2/dh_labelled_data/DeepHeme1/MSK_repo_mixed/L2/L2_L4_AML_.96_.00_cpzboccnfa.png,MSKCC,1,BMA,Hamamatsu,random,,L2
/media/ssd2/dh_labelled_data/DeepHeme1/MSK_repo_mixed/L2/L2_PL2_AML_.14_.05_xudugggaoi.png,MSKCC,1,BMA,Hamamatsu,random,,L2
/media/ssd2/dh_labelled_data/DeepHeme1/MSK_repo_mixed/L2/L2_M1_AML_.95_.01_tbsavbtqjw.png,MSKCC,1,BMA,Hamamatsu,random,,L2
/media/ssd2/dh_labelled_data/DeepHeme1/MSK_repo_mixed/L2/L2_M1_AML_.95_.01_mixtlkfwau.png,MSKCC,1,BMA,Hamamatsu,random,,L2
/media/ssd2/dh_labelled_data/DeepHeme1/MSK_repo_mixed/L2/L2_ER2_AML_.52_.24_xnbvsjmcjm.png,MSKCC,1,BMA,Hamamatsu,random,,L2
/media/ssd2/dh_labelled_data/DeepHeme1/MSK_repo_mixed/L2/L2_M1_AML_.57_.17_uzzwihwzqr.png,MSKCC,1,BMA,Hamamatsu,random,,L2
/media/ssd2/dh_labelled_data/DeepHeme1/MSK_repo_mixed/L2/L2_L4_AML_.94_.02_wbfsdevfqp.png,MSKCC,1,BMA,Hamamatsu,random,,L2
/media/ssd2/dh_labelled_data/DeepHeme1/MSK_repo_mixed/L2/L2_M3_AML_.96_.00_dcjucfvnuo.png,MSKCC,1,BMA,Hamamatsu,random,,L2
/media/ssd2/dh_labelled_data/DeepHeme1/MSK_repo_mixed/L2/L4_L2_AML_.58_.25_dnwigxwhbl.png,MSKCC,1,BMA,Hamamatsu,random,,L2
/media/ssd2/dh_labelled_data/DeepHeme1/MSK_repo_mixed/L2/L2_M1_AML_.95_.01_qfjkzuqidf.png,MSKCC,1,BMA,Hamamatsu,random,,L2
/media/ssd2/dh_labelled_data/DeepHeme1/MSK_repo_mixed/L2/L2_L4_AML_.62_.31_gpynsuyham.png,MSKCC,1,BMA,Hamamatsu,random,,L2
/media/ssd2/dh_labelled_data/DeepHeme1/MSK_repo_mixed/L2/ER2_L4_AML_.77_.21_vpvkksffws.png,MSKCC,1,BMA,Hamamatsu,random,,L2
/media/ssd2/dh_labelled_data/DeepHeme1/MSK_repo_mixed/L2/L2_PL2_AML_.82_.03_mjojlneblr.png,MSKCC,1,BMA,Hamamatsu,random,,L2
/media/ssd2/dh_labelled_data/DeepHeme1/MSK_repo_mixed/M3/M4_M3_AML_.79_.12_jufgljwdep.png,MSKCC,1,BMA,Hamamatsu,random,,M3
/media/ssd2/dh_labelled_data/DeepHeme1/MSK_repo_mixed/M3/M3_M2_AML_.53_.23_qnbyjrdvux.png,MSKCC,1,BMA,Hamamatsu,random,,M3
/media/ssd2/dh_labelled_data/DeepHeme1/MSK_repo_mixed/M3/M4_M3_AML_.67_.30_dlkiwituek.png,MSKCC,1,BMA,Hamamatsu,random,,M3
/media/ssd2/dh_labelled_data/DeepHeme1/MSK_repo_mixed/M3/M3_M1_AML_.75_.08_dqeumbruzs.png,MSKCC,1,BMA,Hamamatsu,random,,M3
/media/ssd2/dh_labelled_data/DeepHeme1/MSK_repo_mixed/M3/M3_M2_AML_.73_.14_sywuuklqmw.png,MSKCC,1,BMA,Hamamatsu,random,,M3
/media/ssd2/dh_labelled_data/DeepHeme1/MSK_repo_mixed/U1/U1_PL2_AML_.80_.01_ehwxymmpac.png,MSKCC,1,BMA,Hamamatsu,random,,U1
/media/ssd2/dh_labelled_data/DeepHeme1/MSK_repo_mixed/U1/U1_M1_AML_.57_.28_tzxxtwvhdw.png,MSKCC,1,BMA,Hamamatsu,random,,U1
/media/ssd2/dh_labelled_data/DeepHeme1/MSK_repo_mixed/U1/U1_B1_AML_.97_.00_joredtvtiu.png,MSKCC,1,BMA,Hamamatsu,random,,U1
/media/ssd2/dh_labelled_data/DeepHeme1/MSK_repo_mixed/U1/U1_PL2_AML_.82_.01_hnrkhqiegi.png,MSKCC,1,BMA,Hamamatsu,random,,U1
/media/ssd2/dh_labelled_data/DeepHeme1/MSK_repo_mixed/U1/U1_M1_AML_.37_.24_pcpjqsjwwe.png,MSKCC,1,BMA,Hamamatsu,random,,U1
/media/ssd2/dh_labelled_data/DeepHeme1/MSK_repo_mixed/U1/U1_PL2_AML_.32_.27_zbawjuciou.png,MSKCC,1,BMA,Hamamatsu,random,,U1
/media/ssd2/dh_labelled_data/DeepHeme1/MSK_repo_mixed/U1/U1_M1_AML_.39_.14_zzykaozevo.png,MSKCC,1,BMA,Hamamatsu,random,,U1
/media/ssd2/dh_labelled_data/DeepHeme1/MSK_repo_mixed/U1/L2_ER4_AML_.96_.00_pzcyolfsbd.png,MSKCC,1,BMA,Hamamatsu,random,,U1
/media/ssd2/dh_labelled_data/DeepHeme1/MSK_repo_mixed/U1/U1_M5_AML_.97_.00_awttgevtca.png,MSKCC,1,BMA,Hamamatsu,random,,U1
/media/ssd2/dh_labelled_data/DeepHeme1/MSK_repo_mixed/U1/U1_L2_AML_.85_.02_vtbeaevftg.png,MSKCC,1,BMA,Hamamatsu,random,,U1
/media/ssd2/dh_labelled_data/DeepHeme1/MSK_repo_mixed/U1/L2_M1_AML_.17_.12_lqxinfsylv.png,MSKCC,1,BMA,Hamamatsu,random,,U1
/media/ssd2/dh_labelled_data/DeepHeme1/MSK_repo_mixed/U1/U1_M5_AML_.89_.00_uuecqfqnld.png,MSKCC,1,BMA,Hamamatsu,random,,U1
/media/ssd2/dh_labelled_data/DeepHeme1/MSK_repo_mixed/U1/B2_L2_AML_.85_.02_orhhcycbsw.png,MSKCC,1,BMA,Hamamatsu,random,,U1
/media/ssd2/dh_labelled_data/DeepHeme1/MSK_repo_mixed/U1/U4_B2_AML_.17_.06_kewmcgtcub.png,MSKCC,1,BMA,Hamamatsu,random,,U1
/media/ssd2/dh_labelled_data/DeepHeme1/MSK_repo_mixed/U1/U1_MO2_AML_.86_.03_jyeblpqekc.png,MSKCC,1,BMA,Hamamatsu,random,,U1
/media/ssd2/dh_labelled_data/DeepHeme1/MSK_repo_mixed/M2/PL2_M2_AML_.95_.01_gjnxdexdul.png,MSKCC,1,BMA,Hamamatsu,random,,M2
/media/ssd2/dh_labelled_data/DeepHeme1/MSK_repo_mixed/M2/M2_M1_AML_.75_.14_gujborycks.png,MSKCC,1,BMA,Hamamatsu,random,,M2
/media/ssd2/dh_labelled_data/DeepHeme1/MSK_repo_mixed/M2/M2_M1_AML_.79_.13_vrqjdnyufq.png,MSKCC,1,BMA,Hamamatsu,random,,M2
/media/ssd2/dh_labelled_data/DeepHeme1/MSK_repo_mixed/M2/M2_M1_AML_.84_.16_nvntteutea.png,MSKCC,1,BMA,Hamamatsu,random,,M2
/media/ssd2/dh_labelled_data/DeepHeme1/MSK_repo_mixed/M2/MO2_M1_AML_.87_.08_bvgwtffmxr.png,MSKCC,1,BMA,Hamamatsu,random,,M2
/media/ssd2/dh_labelled_data/DeepHeme1/MSK_repo_mixed/M2/M2_M1_AML_.90_.05_ksubplucxa.png,MSKCC,1,BMA,Hamamatsu,random,,M2
/media/ssd2/dh_labelled_data/DeepHeme1/MSK_repo_mixed/M2/M2_M1_AML_.78_.25_gbxgfyeqiw.png,MSKCC,1,BMA,Hamamatsu,random,,M2
/media/ssd2/dh_labelled_data/DeepHeme1/MSK_repo_mixed/M2/M2_M1_AML_.62_.35_idfnklrine.png,MSKCC,1,BMA,Hamamatsu,random,,M2
/media/ssd2/dh_labelled_data/DeepHeme1/MSK_repo_mixed/E1/E1_E4_AML_.59_.10_hrkzrnnpfl.png,MSKCC,1,BMA,Hamamatsu,random,,E1
/media/ssd2/dh_labelled_data/DeepHeme1/MSK_repo_mixed/E1/M3_M4_AML_.50_.44_ypztkkmtik.png,MSKCC,1,BMA,Hamamatsu,random,,E1
/media/ssd2/dh_labelled_data/DeepHeme1/MSK_repo_mixed/E1/M4_MO2_AML_.47_.13_cfeydvpvzn.png,MSKCC,1,BMA,Hamamatsu,random,,E1
/media/ssd2/dh_labelled_data/DeepHeme1/MSK_repo_mixed/L4/L4_ER2_AML_.93_.01_frehroredk.png,MSKCC,1,BMA,Hamamatsu,random,,L4
/media/ssd2/dh_labelled_data/DeepHeme1/MSK_repo_mixed/L4/L4_ER2_AML_.37_.17_zrwkldhapw.png,MSKCC,1,BMA,Hamamatsu,random,,L4
/media/ssd2/dh_labelled_data/DeepHeme1/MSK_repo_mixed/MO3/L4_L2_AML_.81_.15_qntzwfqabb.png,MSKCC,1,BMA,Hamamatsu,random,,MO3
/media/ssd2/dh_labelled_data/DeepHeme1/MSK_repo_mixed/MO3/U4_M3_AML_.59_.12_kwoofvgnlb.png,MSKCC,1,BMA,Hamamatsu,random,,MO3
/media/ssd2/dh_labelled_data/DeepHeme1/MSK_repo_mixed/MO3/L2_PL2_AML_.53_.13_xlvpqulswh.png,MSKCC,1,BMA,Hamamatsu,random,,MO3
/media/ssd2/dh_labelled_data/DeepHeme1/MSK_repo_mixed/MO3/U4_M3_AML_.18_.10_ucfmkyelii.png,MSKCC,1,BMA,Hamamatsu,random,,MO3
/media/ssd2/dh_labelled_data/DeepHeme1/MSK_repo_mixed/MO3/L2_PL2_AML_.80_.06_qdnadfsxpt.png,MSKCC,1,BMA,Hamamatsu,random,,MO3
/media/ssd2/dh_labelled_data/DeepHeme1/MSK_repo_mixed/MO3/M1_MO2_AML_.84_.12_bqqfvczgsv.png,MSKCC,1,BMA,Hamamatsu,random,,MO3
/media/ssd2/dh_labelled_data/DeepHeme1/MSK_repo_mixed/MO3/M1_U1_AML_.77_.03_zpoqgnbkxf.png,MSKCC,1,BMA,Hamamatsu,random,,MO3
/media/ssd2/dh_labelled_data/DeepHeme1/MSK_repo_mixed/MO3/M1_L2_AML_.64_.05_avgwwjcfkc.png,MSKCC,1,BMA,Hamamatsu,random,,MO3
/media/ssd2/dh_labelled_data/DeepHeme1/MSK_repo_mixed/MO3/PL2_M2_AML_.93_.00_fizrcfvnoe.png,MSKCC,1,BMA,Hamamatsu,random,,MO3
/media/ssd2/dh_labelled_data/DeepHeme1/MSK_repo_mixed/MO3/M1_MO2_AML_.91_.06_gxifdpvhei.png,MSKCC,1,BMA,Hamamatsu,random,,MO3
/media/ssd2/dh_labelled_data/DeepHeme1/MSK_repo_mixed/MO3/M1_L2_AML_.67_.29_ohtyqmliai.png,MSKCC,1,BMA,Hamamatsu,random,,MO3
/media/ssd2/dh_labelled_data/DeepHeme1/MSK_repo_mixed/MO3/M1_U1_AML_.49_.21_hubnnjnydc.png,MSKCC,1,BMA,Hamamatsu,random,,MO3
/media/ssd2/dh_labelled_data/DeepHeme1/MSK_repo_mixed/MO3/L2_M1_AML_.65_.15_yvgqkmmpnf.png,MSKCC,1,BMA,Hamamatsu,random,,MO3
/media/ssd2/dh_labelled_data/DeepHeme1/MSK_repo_mixed/MO3/L4_B1_AML_.39_.09_ztydzbtgoo.png,MSKCC,1,BMA,Hamamatsu,random,,MO3
/media/ssd2/dh_labelled_data/DeepHeme1/MSK_repo_mixed/MO3/M1_L2_AML_.56_.34_nnksunyipn.png,MSKCC,1,BMA,Hamamatsu,random,,MO3
/media/ssd2/dh_labelled_data/DeepHeme1/MSK_repo_mixed/MO3/M3_M4_AML_.50_.19_qjkhzpfgjy.png,MSKCC,1,BMA,Hamamatsu,random,,MO3
/media/ssd2/dh_labelled_data/DeepHeme1/MSK_repo_mixed/MO3/M1_L2_AML_.48_.44_balzcfxerk.png,MSKCC,1,BMA,Hamamatsu,random,,MO3
/media/ssd2/dh_labelled_data/DeepHeme1/MSK_repo_mixed/MO3/L4_PL2_AML_.97_.01_xdvujpdgrd.png,MSKCC,1,BMA,Hamamatsu,random,,MO3
/media/ssd2/dh_labelled_data/DeepHeme1/MSK_repo_mixed/MO3/L2_PL2_AML_.92_.01_kxmwdpcqtm.png,MSKCC,1,BMA,Hamamatsu,random,,MO3
/media/ssd2/dh_labelled_data/DeepHeme1/MSK_repo_mixed/MO3/M1_L2_AML_.61_.20_iefugaksoc.png,MSKCC,1,BMA,Hamamatsu,random,,MO3
/media/ssd2/dh_labelled_data/DeepHeme1/MSK_repo_mixed/U4/U4_E1_AML_.97_.00_urvblqvkjv.png,MSKCC,1,BMA,Hamamatsu,random,,U4
/media/ssd2/dh_labelled_data/DeepHeme1/MSK_repo_mixed/ER6/ER6_ER5_AML_.79_.12_ibrbpimgqv.png,MSKCC,1,BMA,Hamamatsu,random,,ER6
/media/ssd2/dh_labelled_data/DeepHeme1/MSK_repo_mixed/ER6/ER6_M1_AML_.97_.00_dnilykmvjc.png,MSKCC,1,BMA,Hamamatsu,random,,ER6
/media/ssd2/dh_labelled_data/DeepHeme1/MSK_repo_mixed/ER6/ER6_M1_AML_.93_.01_bfyeozlvcy.png,MSKCC,1,BMA,Hamamatsu,random,,ER6
/media/ssd2/dh_labelled_data/DeepHeme1/MSK_repo_mixed/ER6/U1_L2_AML_.43_.08_mmyxchclcu.png,MSKCC,1,BMA,Hamamatsu,random,,ER6
/media/ssd2/dh_labelled_data/DeepHeme1/MSK_repo_mixed/ER6/ER6_M1_AML_.93_.01_dnkvsohljj.png,MSKCC,1,BMA,Hamamatsu,random,,ER6
/media/ssd2/dh_labelled_data/DeepHeme1/MSK_repo_mixed/ER6/ER6_M1_AML_.76_.04_tcvmphtvje.png,MSKCC,1,BMA,Hamamatsu,random,,ER6
/media/ssd2/dh_labelled_data/DeepHeme1/MSK_repo_mixed/M6/M6_M5_AML_.96_.01_bcyceewfow.png,MSKCC,1,BMA,Hamamatsu,random,,M6
/media/ssd2/dh_labelled_data/DeepHeme1/MSK_repo_mixed/E4/E4_E1_AML_.86_.10_btljnuhwiy.png,MSKCC,1,BMA,Hamamatsu,random,,E4
/media/ssd2/dh_labelled_data/DeepHeme1/MSK_repo_mixed/ER4/L2_ER4_AML_.47_.28_yxpvtysoux.png,MSKCC,1,BMA,Hamamatsu,random,,ER4
/media/ssd2/dh_labelled_data/DeepHeme1/MSK_repo_mixed/ER4/ER4_ER3_AML_.69_.27_novudbkbpw.png,MSKCC,1,BMA,Hamamatsu,random,,ER4
/media/ssd2/dh_labelled_data/DeepHeme1/MSK_repo_mixed/ER4/ER4_ER3_AML_.82_.01_hfxsoqdtrd.png,MSKCC,1,BMA,Hamamatsu,random,,ER4
/media/ssd2/dh_labelled_data/DeepHeme1/MSK_repo_mixed/ER4/ER4_M5_AML_.63_.10_cvpztsryjd.png,MSKCC,1,BMA,Hamamatsu,random,,ER4
/media/ssd2/dh_labelled_data/DeepHeme1/MSK_repo_mixed/ER4/ER4_ER3_AML_.71_.02_abuvbcmcbw.png,MSKCC,1,BMA,Hamamatsu,random,,ER4
/media/ssd2/dh_labelled_data/DeepHeme1/MSK_repo_mixed/ER4/ER4_ER3_AML_.89_.08_ezhvrrgrms.png,MSKCC,1,BMA,Hamamatsu,random,,ER4
/media/ssd2/dh_labelled_data/DeepHeme1/MSK_repo_mixed/ER4/ER4_ER3_AML_.93_.01_yqzatoafhb.png,MSKCC,1,BMA,Hamamatsu,random,,ER4
/media/ssd2/dh_labelled_data/DeepHeme1/MSK_repo_mixed/ER4/ER4_ER3_AML_.95_.01_cjiwnhdpyp.png,MSKCC,1,BMA,Hamamatsu,random,,ER4
/media/ssd2/dh_labelled_data/DeepHeme1/MSK_repo_mixed/MO2/MO2_M1_AML_.20_.04_zxkwazhnde.png,MSKCC,1,BMA,Hamamatsu,random,,MO2
/media/ssd2/dh_labelled_data/DeepHeme1/MSK_repo_mixed/MO2/MO2_M1_AML_.42_.16_urakfwqrin.png,MSKCC,1,BMA,Hamamatsu,random,,MO2
/media/ssd2/dh_labelled_data/DeepHeme1/MSK_repo_mixed/MO2/MO2_M2_AML_.84_.03_xdqodbnkkl.png,MSKCC,1,BMA,Hamamatsu,random,,MO2
/media/ssd2/dh_labelled_data/DeepHeme1/MSK_repo_mixed/MO2/MO2_M1_AML_.74_.09_kowgtoyita.png,MSKCC,1,BMA,Hamamatsu,random,,MO2
/media/ssd2/dh_labelled_data/DeepHeme1/MSK_repo_mixed/MO2/M1_MO2_AML_.81_.19_dyptapgxfp.png,MSKCC,1,BMA,Hamamatsu,random,,MO2
/media/ssd2/dh_labelled_data/DeepHeme1/MSK_repo_mixed/MO2/MO2_M4_AML_.84_.18_rmoqaznikv.png,MSKCC,1,BMA,Hamamatsu,random,,MO2
/media/ssd2/dh_labelled_data/DeepHeme1/MSK_repo_mixed/MO2/MO2_M1_AML_.95_.02_mypvhqbubz.png,MSKCC,1,BMA,Hamamatsu,random,,MO2
/media/ssd2/dh_labelled_data/DeepHeme1/MSK_repo_mixed/MO2/MO2_M1_AML_.95_.03_dcceymmvmd.png,MSKCC,1,BMA,Hamamatsu,random,,MO2
/media/ssd2/dh_labelled_data/DeepHeme1/MSK_repo_mixed/MO2/MO2_M1_AML_.95_.02_zpzjkvurhx.png,MSKCC,1,BMA,Hamamatsu,random,,MO2
/media/ssd2/dh_labelled_data/DeepHeme1/MSK_repo_mixed/ER3/ER3_ER4_AML_.92_.03_fdntqdgnro.png,MSKCC,1,BMA,Hamamatsu,random,,ER3
/media/ssd2/dh_labelled_data/DeepHeme1/MSK_repo_mixed/ER3/ER3_ER2_AML_.94_.01_kpjhcngvvs.png,MSKCC,1,BMA,Hamamatsu,random,,ER3
/media/ssd2/dh_labelled_data/DeepHeme1/MSK_repo_mixed/ER3/M3_ER3_AML_.63_.20_zcuxdjfdvx.png,MSKCC,1,BMA,Hamamatsu,random,,ER3
/media/ssd2/dh_labelled_data/DeepHeme1/MSK_repo_mixed/M4/M4_M3_AML_.92_.02_nrlhlitcfx.png,MSKCC,1,BMA,Hamamatsu,random,,M4
/media/ssd2/dh_labelled_data/DeepHeme1/MSK_repo_mixed/M4/M4_M3_AML_.91_.04_mdcojsxkfv.png,MSKCC,1,BMA,Hamamatsu,random,,M4
/media/ssd2/dh_labelled_data/DeepHeme1/MSK_repo_mixed/M4/M4_M5_AML_.89_.05_zbjqzfvdzk.png,MSKCC,1,BMA,Hamamatsu,random,,M4
/media/ssd2/dh_labelled_data/DeepHeme1/MSK_repo_mixed/M4/M4_MO2_AML_.67_.05_uaspwztqfe.png,MSKCC,1,BMA,Hamamatsu,random,,M4
/media/ssd2/dh_labelled_data/DeepHeme1/MSK_repo_mixed/M4/M4_M5_AML_.93_.04_oxvtkwmxus.png,MSKCC,1,BMA,Hamamatsu,random,,M4
/media/ssd2/dh_labelled_data/DeepHeme1/MSK_repo_mixed/M4/M4_MO2_AML_.42_.37_caukvlzaqi.png,MSKCC,1,BMA,Hamamatsu,random,,M4
/media/ssd2/dh_labelled_data/DeepHeme1/MSK_repo_mixed/M4/M4_M5_AML_.84_.03_tzghsthpgn.png,MSKCC,1,BMA,Hamamatsu,random,,M4
/media/ssd2/dh_labelled_data/DeepHeme1/MSK_repo_mixed/M4/M4_M5_AML_.74_.30_unjwiugjrv.png,MSKCC,1,BMA,Hamamatsu,random,,M4
